trace_id,event:concept:name@A,event:concept:name@B,event:concept:name@C,event:concept:name@D,event:concept:name@E,event:concept:name@F,event:concept:name@I,event:concept:name@process end event,event:concept:name@process start event,event:event_name@A,event:event_name@B,event:event_name@C,event:event_name@D,event:event_name@E,event:event_name@F,event:event_name@I,event:event_name@process end event,event:event_name@process start event,event:adaptation_action@insert,event:adaptation_action@shorten,event:adaptation_action@skip,event:resource,event:trace_id,event:@@case_index,event:@@index,event:start_weekday,event:duration,succession:concept:name@A#B,succession:concept:name@B#C,succession:concept:name@C#D,succession:concept:name@D#E,succession:concept:name@D#F,succession:concept:name@E#F,succession:concept:name@F#process end event,succession:concept:name@process end event#I,succession:concept:name@process start event#A,trace:cycle_time,adaptation_action
0,1,1,1,1,1,1,1,1,1,1,1,1,1,1,1,1,1,1,1,0,0,Inserted_Activity_resource,0,0,8,0,20.0,1,1,1,1,0,1,1,1,1,200.0,insert
1,1,1,1,1,1,1,0,1,1,1,1,1,1,1,1,0,1,1,0,1,0,,1,1,16,0,0.0,1,1,1,1,0,1,1,0,1,220.0,shorten
2,1,1,1,1,0,1,0,1,1,1,1,1,1,0,1,0,1,1,0,0,1,,10,2,23,0,0.0,1,1,1,0,1,0,1,0,1,260.0,skip
3,1,1,1,1,1,1,0,1,1,1,1,1,1,1,1,0,1,1,0,1,0,,100,3,31,1,0.0,1,1,1,1,0,1,1,0,1,240.0,shorten
4,1,1,1,1,1,1,0,1,1,1,1,1,1,1,1,0,1,1,0,1,0,,101,4,39,1,0.0,1,1,1,1,0,1,1,0,1,200.0,shorten
5,1,1,1,1,1,1,0,1,1,1,1,1,1,1,1,0,1,1,0,1,0,,102,5,47,1,0.0,1,1,1,1,0,1,1,0,1,220.0,shorten
6,1,1,1,1,1,1,0,1,1,1,1,1,1,1,1,0,1,1,0,1,0,,103,6,55,1,0.0,1,1,1,1,0,1,1,0,1,240.0,shorten
7,1,1,1,1,1,1,0,1,1,1,1,1,1,1,1,0,1,1,0,1,0,,104,7,63,1,0.0,1,1,1,1,0,1,1,0,1,220.0,shorten
8,1,1,1,1,1,1,0,1,1,1,1,1,1,1,1,0,1,1,0,1,0,,105,8,71,1,0.0,1,1,1,1,0,1,1,0,1,200.0,shorten
9,1,1,1,1,0,1,0,1,1,1,1,1,1,0,1,0,1,1,0,0,1,,106,9,78,1,0.0,1,1,1,0,1,0,1,0,1,240.0,shorten
10,1,1,1,1,0,1,0,1,1,1,1,1,1,0,1,0,1,1,0,0,1,,107,10,85,2,0.0,1,1,1,0,1,0,1,0,1,260.0,skip
11,1,1,1,1,0,1,0,1,1,1,1,1,1,0,1,0,1,1,0,0,1,,108,11,92,2,0.0,1,1,1,0,1,0,1,0,1,1180.0,skip
12,1,1,1,1,0,1,0,1,1,1,1,1,1,0,1,0,1,1,0,0,1,,109,12,99,2,0.0,1,1,1,0,1,0,1,0,1,1140.0,skip
13,1,1,1,1,0,1,0,1,1,1,1,1,1,0,1,0,1,1,0,0,1,,11,13,106,1,0.0,1,1,1,0,1,0,1,0,1,1180.0,skip
14,1,1,1,1,0,1,0,1,1,1,1,1,1,0,1,0,1,1,0,0,1,,110,14,113,1,0.0,1,1,1,0,1,0,1,0,1,260.0,skip
15,1,1,1,1,1,1,0,1,1,1,1,1,1,1,1,0,1,1,0,1,0,,111,15,121,1,0.0,1,1,1,1,0,1,1,0,1,240.0,shorten
16,1,1,1,1,0,1,0,1,1,1,1,1,1,0,1,0,1,1,0,0,1,,112,16,128,2,0.0,1,1,1,0,1,0,1,0,1,1160.0,skip
17,1,1,1,1,1,1,0,1,1,1,1,1,1,1,1,0,1,1,0,1,0,,113,17,136,2,0.0,1,1,1,1,0,1,1,0,1,220.0,shorten
18,1,1,1,1,1,1,0,1,1,1,1,1,1,1,1,0,1,1,0,1,0,,114,18,144,2,0.0,1,1,1,1,0,1,1,0,1,240.0,shorten
19,1,1,1,1,1,1,0,1,1,1,1,1,1,1,1,0,1,1,0,1,0,,115,19,152,2,0.0,1,1,1,1,0,1,1,0,1,220.0,shorten
20,1,1,1,1,1,1,0,1,1,1,1,1,1,1,1,0,1,1,0,1,0,,116,20,160,2,0.0,1,1,1,1,0,1,1,0,1,200.0,shorten
21,1,1,1,1,1,1,0,1,1,1,1,1,1,1,1,0,1,1,0,1,0,,117,21,168,2,0.0,1,1,1,1,0,1,1,0,1,240.0,shorten
22,1,1,1,1,0,1,0,1,1,1,1,1,1,0,1,0,1,1,0,0,1,,118,22,175,2,0.0,1,1,1,0,1,0,1,0,1,260.0,skip
23,1,1,1,1,1,1,0,1,1,1,1,1,1,1,1,0,1,1,0,1,0,,119,23,183,2,0.0,1,1,1,1,0,1,1,0,1,220.0,shorten
24,1,1,1,1,0,1,0,1,1,1,1,1,1,0,1,0,1,1,0,0,1,,12,24,190,1,0.0,1,1,1,0,1,0,1,0,1,200.0,insert
25,1,1,1,1,1,1,1,1,1,1,1,1,1,1,1,1,1,1,1,0,0,Inserted_Activity_resource,120,25,199,2,20.0,1,1,1,1,0,1,1,1,1,220.0,shorten
26,1,1,1,1,1,1,0,1,1,1,1,1,1,1,1,0,1,1,0,1,0,,121,26,207,2,0.0,1,1,1,1,0,1,1,0,1,260.0,skip
27,1,1,1,1,0,1,0,1,1,1,1,1,1,0,1,0,1,1,0,0,1,,122,27,214,2,0.0,1,1,1,0,1,0,1,0,1,1200.0,skip
28,1,1,1,1,0,1,0,1,1,1,1,1,1,0,1,0,1,1,0,0,1,,123,28,221,3,0.0,1,1,1,0,1,0,1,0,1,1160.0,skip
29,1,1,1,1,0,1,0,1,1,1,1,1,1,0,1,0,1,1,0,0,1,,124,29,228,3,0.0,1,1,1,0,1,0,1,0,1,1180.0,skip
30,1,1,1,1,0,1,0,1,1,1,1,1,1,0,1,0,1,1,0,0,1,,125,30,235,3,0.0,1,1,1,0,1,0,1,0,1,240.0,shorten
31,1,1,1,1,1,1,0,1,1,1,1,1,1,1,1,0,1,1,0,1,0,,126,31,243,2,0.0,1,1,1,1,0,1,1,0,1,220.0,shorten
32,1,1,1,1,1,1,0,1,1,1,1,1,1,1,1,0,1,1,0,1,0,,127,32,251,2,0.0,1,1,1,1,0,1,1,0,1,1160.0,skip
33,1,1,1,1,0,1,0,1,1,1,1,1,1,0,1,0,1,1,0,0,1,,128,33,258,3,0.0,1,1,1,0,1,0,1,0,1,240.0,shorten
34,1,1,1,1,1,1,0,1,1,1,1,1,1,1,1,0,1,1,0,1,0,,129,34,266,3,0.0,1,1,1,1,0,1,1,0,1,260.0,skip
35,1,1,1,1,0,1,0,1,1,1,1,1,1,0,1,0,1,1,0,0,1,,13,35,273,1,0.0,1,1,1,0,1,0,1,0,1,220.0,shorten
36,1,1,1,1,0,1,0,1,1,1,1,1,1,0,1,0,1,1,0,0,1,,130,36,280,3,0.0,1,1,1,0,1,0,1,0,1,200.0,insert
37,1,1,1,1,1,1,0,1,1,1,1,1,1,1,1,0,1,1,0,1,0,,131,37,288,3,0.0,1,1,1,1,0,1,1,0,1,220.0,shorten
38,1,1,1,1,1,1,1,1,1,1,1,1,1,1,1,1,1,1,1,0,0,Inserted_Activity_resource,132,38,297,3,20.0,1,1,1,1,0,1,1,1,1,260.0,skip
39,1,1,1,1,1,1,0,1,1,1,1,1,1,1,1,0,1,1,0,1,0,,133,39,305,3,0.0,1,1,1,1,0,1,1,0,1,240.0,shorten
40,1,1,1,1,0,1,0,1,1,1,1,1,1,0,1,0,1,1,0,0,1,,134,40,312,3,0.0,1,1,1,0,1,0,1,0,1,200.0,shorten
41,1,1,1,1,1,1,0,1,1,1,1,1,1,1,1,0,1,1,0,1,0,,135,41,320,3,0.0,1,1,1,1,0,1,1,0,1,220.0,shorten
42,1,1,1,1,1,1,0,1,1,1,1,1,1,1,1,0,1,1,0,1,0,,136,42,328,3,0.0,1,1,1,1,0,1,1,0,1,240.0,shorten
43,1,1,1,1,1,1,0,1,1,1,1,1,1,1,1,0,1,1,0,1,0,,137,43,336,3,0.0,1,1,1,1,0,1,1,0,1,1180.0,skip
44,1,1,1,1,1,1,0,1,1,1,1,1,1,1,1,0,1,1,0,1,0,,138,44,344,3,0.0,1,1,1,1,0,1,1,0,1,1160.0,skip
45,1,1,1,1,0,1,0,1,1,1,1,1,1,0,1,0,1,1,0,0,1,,139,45,351,4,0.0,1,1,1,0,1,0,1,0,1,1200.0,skip
46,1,1,1,1,0,1,0,1,1,1,1,1,1,0,1,0,1,1,0,0,1,,14,46,358,0,0.0,1,1,1,0,1,0,1,0,1,260.0,skip
47,1,1,1,1,0,1,0,1,1,1,1,1,1,0,1,0,1,1,0,0,1,,140,47,365,4,0.0,1,1,1,0,1,0,1,0,1,220.0,shorten
48,1,1,1,1,0,1,0,1,1,1,1,1,1,0,1,0,1,1,0,0,1,,141,48,372,4,0.0,1,1,1,0,1,0,1,0,1,1140.0,skip
49,1,1,1,1,0,1,0,1,1,1,1,1,1,0,1,0,1,1,0,0,1,,142,49,379,3,0.0,1,1,1,0,1,0,1,0,1,220.0,shorten
50,1,1,1,1,1,1,0,1,1,1,1,1,1,1,1,0,1,1,0,1,0,,143,50,387,3,0.0,1,1,1,1,0,1,1,0,1,260.0,skip
51,1,1,1,1,0,1,0,1,1,1,1,1,1,0,1,0,1,1,0,0,1,,144,51,394,4,0.0,1,1,1,0,1,0,1,0,1,240.0,shorten
52,1,1,1,1,1,1,0,1,1,1,1,1,1,1,1,0,1,1,0,1,0,,145,52,402,4,0.0,1,1,1,1,0,1,1,0,1,200.0,shorten
53,1,1,1,1,0,1,0,1,1,1,1,1,1,0,1,0,1,1,0,0,1,,146,53,409,4,0.0,1,1,1,0,1,0,1,0,1,220.0,shorten
54,1,1,1,1,1,1,0,1,1,1,1,1,1,1,1,0,1,1,0,1,0,,147,54,417,4,0.0,1,1,1,1,0,1,1,0,1,240.0,shorten
55,1,1,1,1,1,1,0,1,1,1,1,1,1,1,1,0,1,1,0,1,0,,148,55,425,4,0.0,1,1,1,1,0,1,1,0,1,220.0,shorten
56,1,1,1,1,1,1,0,1,1,1,1,1,1,1,1,0,1,1,0,1,0,,149,56,433,4,0.0,1,1,1,1,0,1,1,0,1,200.0,shorten
57,1,1,1,1,1,1,0,1,1,1,1,1,1,1,1,0,1,1,0,1,0,,15,57,441,0,0.0,1,1,1,1,0,1,1,0,1,240.0,shorten
58,1,1,1,1,1,1,0,1,1,1,1,1,1,1,1,0,1,1,0,1,0,,150,58,449,4,0.0,1,1,1,1,0,1,1,0,1,260.0,skip
59,1,1,1,1,1,1,0,1,1,1,1,1,1,1,1,0,1,1,0,1,0,,151,59,457,4,0.0,1,1,1,1,0,1,1,0,1,1180.0,skip
60,1,1,1,1,1,1,0,1,1,1,1,1,1,1,1,0,1,1,0,1,0,,152,60,465,4,0.0,1,1,1,1,0,1,1,0,1,1140.0,skip
61,1,1,1,1,1,1,0,1,1,1,1,1,1,1,1,0,1,1,0,1,0,,153,61,473,4,0.0,1,1,1,1,0,1,1,0,1,1180.0,skip
62,1,1,1,1,0,1,0,1,1,1,1,1,1,0,1,0,1,1,0,0,1,,154,62,480,4,0.0,1,1,1,0,1,0,1,0,1,260.0,skip
63,1,1,1,1,0,1,0,1,1,1,1,1,1,0,1,0,1,1,0,0,1,,155,63,487,0,0.0,1,1,1,0,1,0,1,0,1,240.0,shorten
64,1,1,1,1,0,1,0,1,1,1,1,1,1,0,1,0,1,1,0,0,1,,156,64,494,0,0.0,1,1,1,0,1,0,1,0,1,1160.0,skip
65,1,1,1,1,0,1,0,1,1,1,1,1,1,0,1,0,1,1,0,0,1,,157,65,501,0,0.0,1,1,1,0,1,0,1,0,1,220.0,shorten
66,1,1,1,1,0,1,0,1,1,1,1,1,1,0,1,0,1,1,0,0,1,,158,66,508,4,0.0,1,1,1,0,1,0,1,0,1,240.0,shorten
67,1,1,1,1,1,1,0,1,1,1,1,1,1,1,1,0,1,1,0,1,0,,159,67,516,4,0.0,1,1,1,1,0,1,1,0,1,220.0,shorten
68,1,1,1,1,0,1,0,1,1,1,1,1,1,0,1,0,1,1,0,0,1,,16,68,523,1,0.0,1,1,1,0,1,0,1,0,1,200.0,shorten
69,1,1,1,1,0,1,0,1,1,1,1,1,1,0,1,0,1,1,0,0,1,,160,69,530,0,0.0,1,1,1,0,1,0,1,0,1,240.0,shorten
70,1,1,1,1,1,1,0,1,1,1,1,1,1,1,1,0,1,1,0,1,0,,161,70,538,0,0.0,1,1,1,1,0,1,1,0,1,260.0,skip
71,1,1,1,1,1,1,0,1,1,1,1,1,1,1,1,0,1,1,0,1,0,,162,71,546,0,0.0,1,1,1,1,0,1,1,0,1,220.0,shorten
72,1,1,1,1,1,1,0,1,1,1,1,1,1,1,1,0,1,1,0,1,0,,163,72,554,0,0.0,1,1,1,1,0,1,1,0,1,200.0,insert
73,1,1,1,1,1,1,0,1,1,1,1,1,1,1,1,0,1,1,0,1,0,,164,73,562,0,0.0,1,1,1,1,0,1,1,0,1,220.0,shorten
74,1,1,1,1,1,1,0,1,1,1,1,1,1,1,1,0,1,1,0,1,0,,165,74,570,0,0.0,1,1,1,1,0,1,1,0,1,260.0,skip
75,1,1,1,1,0,1,0,1,1,1,1,1,1,0,1,0,1,1,0,0,1,,166,75,577,0,0.0,1,1,1,0,1,0,1,0,1,4080.0,skip
76,1,1,1,1,1,1,0,1,1,1,1,1,1,1,1,0,1,1,0,1,0,,167,76,585,0,0.0,1,1,1,1,0,1,1,0,1,4040.0,skip
77,1,1,1,1,1,1,1,1,1,1,1,1,1,1,1,1,1,1,1,0,0,Inserted_Activity_resource,168,77,594,0,20.0,1,1,1,1,0,1,1,1,1,4060.0,skip
78,1,1,1,1,1,1,0,1,1,1,1,1,1,1,1,0,1,1,0,1,0,,169,78,602,0,0.0,1,1,1,1,0,1,1,0,1,240.0,shorten
79,1,1,1,1,1,1,0,1,1,1,1,1,1,1,1,0,1,1,0,1,0,,17,79,610,1,0.0,1,1,1,1,0,1,1,0,1,220.0,shorten
80,1,1,1,1,0,1,0,1,1,1,1,1,1,0,1,0,1,1,0,0,1,,170,80,617,0,0.0,1,1,1,0,1,0,1,0,1,4040.0,skip
81,1,1,1,1,0,1,0,1,1,1,1,1,1,0,1,0,1,1,0,0,1,,171,81,624,1,0.0,1,1,1,0,1,0,1,0,1,240.0,shorten
82,1,1,1,1,0,1,0,1,1,1,1,1,1,0,1,0,1,1,0,0,1,,172,82,631,1,0.0,1,1,1,0,1,0,1,0,1,260.0,skip
83,1,1,1,1,0,1,0,1,1,1,1,1,1,0,1,0,1,1,0,0,1,,173,83,638,1,0.0,1,1,1,0,1,0,1,0,1,220.0,shorten
84,1,1,1,1,1,1,0,1,1,1,1,1,1,1,1,0,1,1,0,1,0,,174,84,646,0,0.0,1,1,1,1,0,1,1,0,1,200.0,insert
85,1,1,1,1,1,1,0,1,1,1,1,1,1,1,1,0,1,1,0,1,0,,175,85,654,0,0.0,1,1,1,1,0,1,1,0,1,220.0,shorten
86,1,1,1,1,0,1,0,1,1,1,1,1,1,0,1,0,1,1,0,0,1,,176,86,661,1,0.0,1,1,1,0,1,0,1,0,1,260.0,skip
87,1,1,1,1,1,1,0,1,1,1,1,1,1,1,1,0,1,1,0,1,0,,177,87,669,1,0.0,1,1,1,1,0,1,1,0,1,240.0,shorten
88,1,1,1,1,0,1,0,1,1,1,1,1,1,0,1,0,1,1,0,0,1,,178,88,676,1,0.0,1,1,1,0,1,0,1,0,1,200.0,shorten
89,1,1,1,1,1,1,0,1,1,1,1,1,1,1,1,0,1,1,0,1,0,,179,89,684,1,0.0,1,1,1,1,0,1,1,0,1,220.0,shorten
90,1,1,1,1,1,1,0,1,1,1,1,1,1,1,1,0,1,1,0,1,0,,18,90,692,1,0.0,1,1,1,1,0,1,1,0,1,240.0,shorten
91,1,1,1,1,1,1,1,1,1,1,1,1,1,1,1,1,1,1,1,0,0,Inserted_Activity_resource,180,91,701,1,20.0,1,1,1,1,0,1,1,1,1,1180.0,skip
92,1,1,1,1,1,1,0,1,1,1,1,1,1,1,1,0,1,1,0,1,0,,181,92,709,1,0.0,1,1,1,1,0,1,1,0,1,1160.0,skip
93,1,1,1,1,0,1,0,1,1,1,1,1,1,0,1,0,1,1,0,0,1,,182,93,716,1,0.0,1,1,1,0,1,0,1,0,1,1200.0,skip
94,1,1,1,1,1,1,0,1,1,1,1,1,1,1,1,0,1,1,0,1,0,,183,94,724,1,0.0,1,1,1,1,0,1,1,0,1,260.0,skip
95,1,1,1,1,1,1,0,1,1,1,1,1,1,1,1,0,1,1,0,1,0,,184,95,732,1,0.0,1,1,1,1,0,1,1,0,1,220.0,shorten
96,1,1,1,1,1,1,0,1,1,1,1,1,1,1,1,0,1,1,0,1,0,,185,96,740,1,0.0,1,1,1,1,0,1,1,0,1,1140.0,skip
97,1,1,1,1,1,1,0,1,1,1,1,1,1,1,1,0,1,1,0,1,0,,186,97,748,1,0.0,1,1,1,1,0,1,1,0,1,220.0,shorten
98,1,1,1,1,0,1,0,1,1,1,1,1,1,0,1,0,1,1,0,0,1,,187,98,755,2,0.0,1,1,1,0,1,0,1,0,1,260.0,skip
99,1,1,1,1,0,1,0,1,1,1,1,1,1,0,1,0,1,1,0,0,1,,188,99,762,2,0.0,1,1,1,0,1,0,1,0,1,240.0,shorten
100,1,1,1,1,0,1,0,1,1,1,1,1,1,0,1,0,1,1,0,0,1,,189,100,769,2,0.0,1,1,1,0,1,0,1,0,1,200.0,shorten
101,1,1,1,1,1,1,0,1,1,1,1,1,1,1,1,0,1,1,0,1,0,,19,101,777,1,0.0,1,1,1,1,0,1,1,0,1,220.0,shorten
102,1,1,1,1,0,1,0,1,1,1,1,1,1,0,1,0,1,1,0,0,1,,190,102,784,1,0.0,1,1,1,0,1,0,1,0,1,240.0,shorten
103,1,1,1,1,1,1,0,1,1,1,1,1,1,1,1,0,1,1,0,1,0,,191,103,792,1,0.0,1,1,1,1,0,1,1,0,1,220.0,shorten
104,1,1,1,1,0,1,0,1,1,1,1,1,1,0,1,0,1,1,0,0,1,,192,104,799,2,0.0,1,1,1,0,1,0,1,0,1,200.0,shorten
105,1,1,1,1,1,1,0,1,1,1,1,1,1,1,1,0,1,1,0,1,0,,193,105,807,2,0.0,1,1,1,1,0,1,1,0,1,240.0,shorten
106,1,1,1,1,0,1,0,1,1,1,1,1,1,0,1,0,1,1,0,0,1,,194,106,814,2,0.0,1,1,1,0,1,0,1,0,1,260.0,skip
107,1,1,1,1,1,1,0,1,1,1,1,1,1,1,1,0,1,1,0,1,0,,195,107,822,2,0.0,1,1,1,1,0,1,1,0,1,1180.0,skip
108,1,1,1,1,1,1,0,1,1,1,1,1,1,1,1,0,1,1,0,1,0,,196,108,830,2,0.0,1,1,1,1,0,1,1,0,1,1140.0,skip
109,1,1,1,1,1,1,0,1,1,1,1,1,1,1,1,0,1,1,0,1,0,,197,109,838,2,0.0,1,1,1,1,0,1,1,0,1,1180.0,skip
110,1,1,1,1,1,1,0,1,1,1,1,1,1,1,1,0,1,1,0,1,0,,198,110,846,2,0.0,1,1,1,1,0,1,1,0,1,260.0,skip
111,1,1,1,1,1,1,0,1,1,1,1,1,1,1,1,0,1,1,0,1,0,,199,111,854,2,0.0,1,1,1,1,0,1,1,0,1,240.0,shorten
112,1,1,1,1,0,1,0,1,1,1,1,1,1,0,1,0,1,1,0,0,1,,2,112,861,0,0.0,1,1,1,0,1,0,1,0,1,1160.0,skip
113,1,1,1,1,1,1,0,1,1,1,1,1,1,1,1,0,1,1,0,1,0,,20,113,869,1,0.0,1,1,1,1,0,1,1,0,1,220.0,shorten
114,1,1,1,1,1,1,0,1,1,1,1,1,1,1,1,0,1,1,0,1,0,,200,114,877,2,0.0,1,1,1,1,0,1,1,0,1,240.0,shorten
115,1,1,1,1,1,1,0,1,1,1,1,1,1,1,1,0,1,1,0,1,0,,201,115,885,2,0.0,1,1,1,1,0,1,1,0,1,220.0,shorten
116,1,1,1,1,0,1,0,1,1,1,1,1,1,0,1,0,1,1,0,0,1,,202,116,892,2,0.0,1,1,1,0,1,0,1,0,1,200.0,shorten
117,1,1,1,1,0,1,0,1,1,1,1,1,1,0,1,0,1,1,0,0,1,,203,117,899,3,0.0,1,1,1,0,1,0,1,0,1,240.0,shorten
118,1,1,1,1,0,1,0,1,1,1,1,1,1,0,1,0,1,1,0,0,1,,204,118,906,3,0.0,1,1,1,0,1,0,1,0,1,260.0,skip
119,1,1,1,1,0,1,0,1,1,1,1,1,1,0,1,0,1,1,0,0,1,,205,119,913,3,0.0,1,1,1,0,1,0,1,0,1,220.0,shorten
120,1,1,1,1,0,1,0,1,1,1,1,1,1,0,1,0,1,1,0,0,1,,206,120,920,2,0.0,1,1,1,0,1,0,1,0,1,200.0,insert
121,1,1,1,1,1,1,0,1,1,1,1,1,1,1,1,0,1,1,0,1,0,,207,121,928,2,0.0,1,1,1,1,0,1,1,0,1,220.0,shorten
122,1,1,1,1,0,1,0,1,1,1,1,1,1,0,1,0,1,1,0,0,1,,208,122,935,3,0.0,1,1,1,0,1,0,1,0,1,260.0,skip
123,1,1,1,1,1,1,0,1,1,1,1,1,1,1,1,0,1,1,0,1,0,,209,123,943,3,0.0,1,1,1,1,0,1,1,0,1,1200.0,skip
124,1,1,1,1,1,1,0,1,1,1,1,1,1,1,1,0,1,1,0,1,0,,21,124,951,1,0.0,1,1,1,1,0,1,1,0,1,1160.0,skip
125,1,1,1,1,1,1,0,1,1,1,1,1,1,1,1,0,1,1,0,1,0,,210,125,959,3,0.0,1,1,1,1,0,1,1,0,1,1180.0,skip
126,1,1,1,1,1,1,0,1,1,1,1,1,1,1,1,0,1,1,0,1,0,,211,126,967,3,0.0,1,1,1,1,0,1,1,0,1,240.0,shorten
127,1,1,1,1,1,1,0,1,1,1,1,1,1,1,1,0,1,1,0,1,0,,212,127,975,3,0.0,1,1,1,1,0,1,1,0,1,220.0,shorten
128,1,1,1,1,1,1,0,1,1,1,1,1,1,1,1,0,1,1,0,1,0,,213,128,983,3,0.0,1,1,1,1,0,1,1,0,1,1160.0,skip
129,1,1,1,1,0,1,0,1,1,1,1,1,1,0,1,0,1,1,0,0,1,,214,129,990,3,0.0,1,1,1,0,1,0,1,0,1,240.0,shorten
130,1,1,1,1,1,1,0,1,1,1,1,1,1,1,1,0,1,1,0,1,0,,215,130,998,3,0.0,1,1,1,1,0,1,1,0,1,260.0,skip
131,1,1,1,1,1,1,1,1,1,1,1,1,1,1,1,1,1,1,1,0,0,Inserted_Activity_resource,216,131,1007,3,20.0,1,1,1,1,0,1,1,1,1,220.0,shorten
132,1,1,1,1,1,1,0,1,1,1,1,1,1,1,1,0,1,1,0,1,0,,217,132,1015,3,0.0,1,1,1,1,0,1,1,0,1,200.0,insert
133,1,1,1,1,0,1,0,1,1,1,1,1,1,0,1,0,1,1,0,0,1,,218,133,1022,3,0.0,1,1,1,0,1,0,1,0,1,220.0,shorten
134,1,1,1,1,0,1,0,1,1,1,1,1,1,0,1,0,1,1,0,0,1,,219,134,1029,4,0.0,1,1,1,0,1,0,1,0,1,260.0,skip
135,1,1,1,1,0,1,0,1,1,1,1,1,1,0,1,0,1,1,0,0,1,,22,135,1036,1,0.0,1,1,1,0,1,0,1,0,1,240.0,shorten
136,1,1,1,1,0,1,0,1,1,1,1,1,1,0,1,0,1,1,0,0,1,,220,136,1043,4,0.0,1,1,1,0,1,0,1,0,1,200.0,shorten
137,1,1,1,1,0,1,0,1,1,1,1,1,1,0,1,0,1,1,0,0,1,,221,137,1050,4,0.0,1,1,1,0,1,0,1,0,1,220.0,shorten
138,1,1,1,1,1,1,0,1,1,1,1,1,1,1,1,0,1,1,0,1,0,,222,138,1058,3,0.0,1,1,1,1,0,1,1,0,1,240.0,shorten
139,1,1,1,1,1,1,0,1,1,1,1,1,1,1,1,0,1,1,0,1,0,,223,139,1066,3,0.0,1,1,1,1,0,1,1,0,1,1180.0,skip
140,1,1,1,1,0,1,0,1,1,1,1,1,1,0,1,0,1,1,0,0,1,,224,140,1073,4,0.0,1,1,1,0,1,0,1,0,1,1160.0,skip
141,1,1,1,1,1,1,0,1,1,1,1,1,1,1,1,0,1,1,0,1,0,,225,141,1081,4,0.0,1,1,1,1,0,1,1,0,1,1200.0,skip
142,1,1,1,1,0,1,0,1,1,1,1,1,1,0,1,0,1,1,0,0,1,,226,142,1088,4,0.0,1,1,1,0,1,0,1,0,1,260.0,skip
143,1,1,1,1,1,1,0,1,1,1,1,1,1,1,1,0,1,1,0,1,0,,227,143,1096,4,0.0,1,1,1,1,0,1,1,0,1,220.0,shorten
144,1,1,1,1,1,1,1,1,1,1,1,1,1,1,1,1,1,1,1,0,0,Inserted_Activity_resource,228,144,1105,4,20.0,1,1,1,1,0,1,1,1,1,1140.0,skip
145,1,1,1,1,1,1,0,1,1,1,1,1,1,1,1,0,1,1,0,1,0,,229,145,1113,4,0.0,1,1,1,1,0,1,1,0,1,220.0,shorten
146,1,1,1,1,1,1,0,1,1,1,1,1,1,1,1,0,1,1,0,1,0,,23,146,1121,1,0.0,1,1,1,1,0,1,1,0,1,260.0,skip
147,1,1,1,1,0,1,0,1,1,1,1,1,1,0,1,0,1,1,0,0,1,,230,147,1128,4,0.0,1,1,1,0,1,0,1,0,1,240.0,shorten
148,1,1,1,1,1,1,0,1,1,1,1,1,1,1,1,0,1,1,0,1,0,,231,148,1136,4,0.0,1,1,1,1,0,1,1,0,1,200.0,shorten
149,1,1,1,1,1,1,0,1,1,1,1,1,1,1,1,0,1,1,0,1,0,,232,149,1144,4,0.0,1,1,1,1,0,1,1,0,1,220.0,shorten
150,1,1,1,1,1,1,0,1,1,1,1,1,1,1,1,0,1,1,0,1,0,,233,150,1152,4,0.0,1,1,1,1,0,1,1,0,1,240.0,shorten
151,1,1,1,1,1,1,0,1,1,1,1,1,1,1,1,0,1,1,0,1,0,,234,151,1160,4,0.0,1,1,1,1,0,1,1,0,1,220.0,shorten
152,1,1,1,1,0,1,0,1,1,1,1,1,1,0,1,0,1,1,0,0,1,,235,152,1167,0,0.0,1,1,1,0,1,0,1,0,1,200.0,shorten
153,1,1,1,1,0,1,0,1,1,1,1,1,1,0,1,0,1,1,0,0,1,,236,153,1174,0,0.0,1,1,1,0,1,0,1,0,1,240.0,shorten
154,1,1,1,1,0,1,0,1,1,1,1,1,1,0,1,0,1,1,0,0,1,,237,154,1181,0,0.0,1,1,1,0,1,0,1,0,1,260.0,skip
155,1,1,1,1,0,1,0,1,1,1,1,1,1,0,1,0,1,1,0,0,1,,238,155,1188,4,0.0,1,1,1,0,1,0,1,0,1,4060.0,skip
156,1,1,1,1,1,1,0,1,1,1,1,1,1,1,1,0,1,1,0,1,0,,239,156,1196,4,0.0,1,1,1,1,0,1,1,0,1,4020.0,skip
157,1,1,1,1,1,1,1,1,1,1,1,1,1,1,1,1,1,1,1,0,0,Inserted_Activity_resource,24,157,1205,1,20.0,1,1,1,1,0,1,1,1,1,4060.0,skip
158,1,1,1,1,0,1,0,1,1,1,1,1,1,0,1,0,1,1,0,0,1,,240,158,1212,0,0.0,1,1,1,0,1,0,1,0,1,260.0,skip
159,1,1,1,1,1,1,0,1,1,1,1,1,1,1,1,0,1,1,0,1,0,,241,159,1220,0,0.0,1,1,1,1,0,1,1,0,1,240.0,shorten
160,1,1,1,1,0,1,0,1,1,1,1,1,1,0,1,0,1,1,0,0,1,,242,160,1227,0,0.0,1,1,1,0,1,0,1,0,1,4040.0,skip
161,1,1,1,1,1,1,0,1,1,1,1,1,1,1,1,0,1,1,0,1,0,,243,161,1235,0,0.0,1,1,1,1,0,1,1,0,1,220.0,shorten
162,1,1,1,1,1,1,0,1,1,1,1,1,1,1,1,0,1,1,0,1,0,,244,162,1243,0,0.0,1,1,1,1,0,1,1,0,1,240.0,shorten
163,1,1,1,1,1,1,0,1,1,1,1,1,1,1,1,0,1,1,0,1,0,,245,163,1251,0,0.0,1,1,1,1,0,1,1,0,1,220.0,shorten
164,1,1,1,1,1,1,0,1,1,1,1,1,1,1,1,0,1,1,0,1,0,,246,164,1259,0,0.0,1,1,1,1,0,1,1,0,1,200.0,shorten
165,1,1,1,1,1,1,0,1,1,1,1,1,1,1,1,0,1,1,0,1,0,,247,165,1267,0,0.0,1,1,1,1,0,1,1,0,1,240.0,shorten
166,1,1,1,1,1,1,0,1,1,1,1,1,1,1,1,0,1,1,0,1,0,,248,166,1275,0,0.0,1,1,1,1,0,1,1,0,1,260.0,skip
167,1,1,1,1,1,1,0,1,1,1,1,1,1,1,1,0,1,1,0,1,0,,249,167,1283,0,0.0,1,1,1,1,0,1,1,0,1,220.0,shorten
168,1,1,1,1,1,1,0,1,1,1,1,1,1,1,1,0,1,1,0,1,0,,25,168,1291,1,0.0,1,1,1,1,0,1,1,0,1,200.0,insert
169,1,1,1,1,0,1,0,1,1,1,1,1,1,0,1,0,1,1,0,0,1,,250,169,1298,0,0.0,1,1,1,0,1,0,1,0,1,220.0,shorten
170,1,1,1,1,0,1,0,1,1,1,1,1,1,0,1,0,1,1,0,0,1,,251,170,1305,1,0.0,1,1,1,0,1,0,1,0,1,260.0,skip
171,1,1,1,1,0,1,0,1,1,1,1,1,1,0,1,0,1,1,0,0,1,,252,171,1312,1,0.0,1,1,1,0,1,0,1,0,1,1200.0,skip
172,1,1,1,1,0,1,0,1,1,1,1,1,1,0,1,0,1,1,0,0,1,,253,172,1319,1,0.0,1,1,1,0,1,0,1,0,1,1160.0,skip
173,1,1,1,1,0,1,0,1,1,1,1,1,1,0,1,0,1,1,0,0,1,,254,173,1326,0,0.0,1,1,1,0,1,0,1,0,1,1180.0,skip
174,1,1,1,1,1,1,0,1,1,1,1,1,1,1,1,0,1,1,0,1,0,,255,174,1334,0,0.0,1,1,1,1,0,1,1,0,1,240.0,shorten
175,1,1,1,1,0,1,0,1,1,1,1,1,1,0,1,0,1,1,0,0,1,,256,175,1341,1,0.0,1,1,1,0,1,0,1,0,1,220.0,shorten
176,1,1,1,1,1,1,0,1,1,1,1,1,1,1,1,0,1,1,0,1,0,,257,176,1349,1,0.0,1,1,1,1,0,1,1,0,1,1160.0,skip
177,1,1,1,1,1,1,0,1,1,1,1,1,1,1,1,0,1,1,0,1,0,,258,177,1357,1,0.0,1,1,1,1,0,1,1,0,1,240.0,shorten
178,1,1,1,1,1,1,0,1,1,1,1,1,1,1,1,0,1,1,0,1,0,,259,178,1365,1,0.0,1,1,1,1,0,1,1,0,1,260.0,skip
179,1,1,1,1,0,1,0,1,1,1,1,1,1,0,1,0,1,1,0,0,1,,26,179,1372,1,0.0,1,1,1,0,1,0,1,0,1,220.0,shorten
180,1,1,1,1,1,1,0,1,1,1,1,1,1,1,1,0,1,1,0,1,0,,260,180,1380,1,0.0,1,1,1,1,0,1,1,0,1,200.0,insert
181,1,1,1,1,1,1,0,1,1,1,1,1,1,1,1,0,1,1,0,1,0,,261,181,1388,1,0.0,1,1,1,1,0,1,1,0,1,220.0,shorten
182,1,1,1,1,0,1,0,1,1,1,1,1,1,0,1,0,1,1,0,0,1,,262,182,1395,1,0.0,1,1,1,0,1,0,1,0,1,260.0,skip
183,1,1,1,1,1,1,0,1,1,1,1,1,1,1,1,0,1,1,0,1,0,,263,183,1403,1,0.0,1,1,1,1,0,1,1,0,1,240.0,shorten
184,1,1,1,1,1,1,1,1,1,1,1,1,1,1,1,1,1,1,1,0,0,Inserted_Activity_resource,264,184,1412,1,20.0,1,1,1,1,0,1,1,1,1,200.0,shorten
185,1,1,1,1,1,1,0,1,1,1,1,1,1,1,1,0,1,1,0,1,0,,265,185,1420,1,0.0,1,1,1,1,0,1,1,0,1,220.0,shorten
186,1,1,1,1,0,1,0,1,1,1,1,1,1,0,1,0,1,1,0,0,1,,266,186,1427,1,0.0,1,1,1,0,1,0,1,0,1,240.0,shorten
187,1,1,1,1,0,1,0,1,1,1,1,1,1,0,1,0,1,1,0,0,1,,267,187,1434,2,0.0,1,1,1,0,1,0,1,0,1,1180.0,skip
188,1,1,1,1,0,1,0,1,1,1,1,1,1,0,1,0,1,1,0,0,1,,268,188,1441,2,0.0,1,1,1,0,1,0,1,0,1,1160.0,skip
189,1,1,1,1,0,1,0,1,1,1,1,1,1,0,1,0,1,1,0,0,1,,269,189,1448,2,0.0,1,1,1,0,1,0,1,0,1,1200.0,skip
190,1,1,1,1,0,1,0,1,1,1,1,1,1,0,1,0,1,1,0,0,1,,27,190,1455,2,0.0,1,1,1,0,1,0,1,0,1,260.0,skip
191,1,1,1,1,1,1,0,1,1,1,1,1,1,1,1,0,1,1,0,1,0,,270,191,1463,1,0.0,1,1,1,1,0,1,1,0,1,220.0,shorten
192,1,1,1,1,1,1,0,1,1,1,1,1,1,1,1,0,1,1,0,1,0,,271,192,1471,1,0.0,1,1,1,1,0,1,1,0,1,1140.0,skip
193,1,1,1,1,0,1,0,1,1,1,1,1,1,0,1,0,1,1,0,0,1,,272,193,1478,2,0.0,1,1,1,0,1,0,1,0,1,220.0,shorten
194,1,1,1,1,1,1,0,1,1,1,1,1,1,1,1,0,1,1,0,1,0,,273,194,1486,2,0.0,1,1,1,1,0,1,1,0,1,260.0,skip
195,1,1,1,1,0,1,0,1,1,1,1,1,1,0,1,0,1,1,0,0,1,,274,195,1493,2,0.0,1,1,1,0,1,0,1,0,1,240.0,shorten
196,1,1,1,1,1,1,0,1,1,1,1,1,1,1,1,0,1,1,0,1,0,,275,196,1501,2,0.0,1,1,1,1,0,1,1,0,1,200.0,shorten
197,1,1,1,1,1,1,1,1,1,1,1,1,1,1,1,1,1,1,1,0,0,Inserted_Activity_resource,276,197,1510,2,20.0,1,1,1,1,0,1,1,1,1,220.0,shorten
198,1,1,1,1,1,1,0,1,1,1,1,1,1,1,1,0,1,1,0,1,0,,277,198,1518,2,0.0,1,1,1,1,0,1,1,0,1,240.0,shorten
199,1,1,1,1,0,1,0,1,1,1,1,1,1,0,1,0,1,1,0,0,1,,278,199,1525,2,0.0,1,1,1,0,1,0,1,0,1,220.0,shorten
200,1,1,1,1,1,1,0,1,1,1,1,1,1,1,1,0,1,1,0,1,0,,279,200,1533,2,0.0,1,1,1,1,0,1,1,0,1,200.0,shorten
201,1,1,1,1,0,1,0,1,1,1,1,1,1,0,1,0,1,1,0,0,1,,28,201,1540,2,0.0,1,1,1,0,1,0,1,0,1,240.0,shorten
202,1,1,1,1,1,1,0,1,1,1,1,1,1,1,1,0,1,1,0,1,0,,280,202,1548,2,0.0,1,1,1,1,0,1,1,0,1,260.0,skip
203,1,1,1,1,1,1,0,1,1,1,1,1,1,1,1,0,1,1,0,1,0,,281,203,1556,2,0.0,1,1,1,1,0,1,1,0,1,1180.0,skip
204,1,1,1,1,1,1,0,1,1,1,1,1,1,1,1,0,1,1,0,1,0,,282,204,1564,2,0.0,1,1,1,1,0,1,1,0,1,1140.0,skip
205,1,1,1,1,0,1,0,1,1,1,1,1,1,0,1,0,1,1,0,0,1,,283,205,1571,3,0.0,1,1,1,0,1,0,1,0,1,1180.0,skip
206,1,1,1,1,0,1,0,1,1,1,1,1,1,0,1,0,1,1,0,0,1,,284,206,1578,3,0.0,1,1,1,0,1,0,1,0,1,260.0,skip
207,1,1,1,1,0,1,0,1,1,1,1,1,1,0,1,0,1,1,0,0,1,,285,207,1585,3,0.0,1,1,1,0,1,0,1,0,1,240.0,shorten
208,1,1,1,1,0,1,0,1,1,1,1,1,1,0,1,0,1,1,0,0,1,,286,208,1592,2,0.0,1,1,1,0,1,0,1,0,1,1160.0,skip
209,1,1,1,1,1,1,0,1,1,1,1,1,1,1,1,0,1,1,0,1,0,,287,209,1600,2,0.0,1,1,1,1,0,1,1,0,1,220.0,shorten
210,1,1,1,1,0,1,0,1,1,1,1,1,1,0,1,0,1,1,0,0,1,,288,210,1607,3,0.0,1,1,1,0,1,0,1,0,1,240.0,shorten
211,1,1,1,1,1,1,0,1,1,1,1,1,1,1,1,0,1,1,0,1,0,,289,211,1615,3,0.0,1,1,1,1,0,1,1,0,1,220.0,shorten
212,1,1,1,1,0,1,0,1,1,1,1,1,1,0,1,0,1,1,0,0,1,,29,212,1622,2,0.0,1,1,1,0,1,0,1,0,1,200.0,shorten
213,1,1,1,1,0,1,0,1,1,1,1,1,1,0,1,0,1,1,0,0,1,,290,213,1629,3,0.0,1,1,1,0,1,0,1,0,1,240.0,shorten
214,1,1,1,1,1,1,0,1,1,1,1,1,1,1,1,0,1,1,0,1,0,,291,214,1637,3,0.0,1,1,1,1,0,1,1,0,1,260.0,skip
215,1,1,1,1,1,1,0,1,1,1,1,1,1,1,1,0,1,1,0,1,0,,292,215,1645,3,0.0,1,1,1,1,0,1,1,0,1,220.0,shorten
216,1,1,1,1,1,1,0,1,1,1,1,1,1,1,1,0,1,1,0,1,0,,293,216,1653,3,0.0,1,1,1,1,0,1,1,0,1,200.0,insert
217,1,1,1,1,1,1,0,1,1,1,1,1,1,1,1,0,1,1,0,1,0,,294,217,1661,3,0.0,1,1,1,1,0,1,1,0,1,220.0,shorten
218,1,1,1,1,1,1,0,1,1,1,1,1,1,1,1,0,1,1,0,1,0,,295,218,1669,3,0.0,1,1,1,1,0,1,1,0,1,260.0,skip
219,1,1,1,1,1,1,0,1,1,1,1,1,1,1,1,0,1,1,0,1,0,,296,219,1677,3,0.0,1,1,1,1,0,1,1,0,1,1200.0,skip
220,1,1,1,1,1,1,0,1,1,1,1,1,1,1,1,0,1,1,0,1,0,,297,220,1685,3,0.0,1,1,1,1,0,1,1,0,1,1160.0,skip
221,1,1,1,1,0,1,0,1,1,1,1,1,1,0,1,0,1,1,0,0,1,,298,221,1692,3,0.0,1,1,1,0,1,0,1,0,1,1180.0,skip
222,1,1,1,1,0,1,0,1,1,1,1,1,1,0,1,0,1,1,0,0,1,,299,222,1699,4,0.0,1,1,1,0,1,0,1,0,1,240.0,shorten
223,1,1,1,1,1,1,0,1,1,1,1,1,1,1,1,0,1,1,0,1,0,,3,223,1707,0,0.0,1,1,1,1,0,1,1,0,1,220.0,shorten
224,1,1,1,1,1,1,0,1,1,1,1,1,1,1,1,0,1,1,0,1,0,,30,224,1715,1,0.0,1,1,1,1,0,1,1,0,1,1160.0,skip
225,1,1,1,1,0,1,0,1,1,1,1,1,1,0,1,0,1,1,0,0,1,,300,225,1722,4,0.0,1,1,1,0,1,0,1,0,1,240.0,shorten
226,1,1,1,1,0,1,0,1,1,1,1,1,1,0,1,0,1,1,0,0,1,,301,226,1729,4,0.0,1,1,1,0,1,0,1,0,1,260.0,skip
227,1,1,1,1,0,1,0,1,1,1,1,1,1,0,1,0,1,1,0,0,1,,302,227,1736,3,0.0,1,1,1,0,1,0,1,0,1,220.0,shorten
228,1,1,1,1,1,1,0,1,1,1,1,1,1,1,1,0,1,1,0,1,0,,303,228,1744,3,0.0,1,1,1,1,0,1,1,0,1,200.0,insert
229,1,1,1,1,0,1,0,1,1,1,1,1,1,0,1,0,1,1,0,0,1,,304,229,1751,4,0.0,1,1,1,0,1,0,1,0,1,220.0,shorten
230,1,1,1,1,1,1,0,1,1,1,1,1,1,1,1,0,1,1,0,1,0,,305,230,1759,4,0.0,1,1,1,1,0,1,1,0,1,260.0,skip
231,1,1,1,1,1,1,0,1,1,1,1,1,1,1,1,0,1,1,0,1,0,,306,231,1767,4,0.0,1,1,1,1,0,1,1,0,1,240.0,shorten
232,1,1,1,1,1,1,0,1,1,1,1,1,1,1,1,0,1,1,0,1,0,,307,232,1775,4,0.0,1,1,1,1,0,1,1,0,1,200.0,shorten
233,1,1,1,1,1,1,0,1,1,1,1,1,1,1,1,0,1,1,0,1,0,,308,233,1783,4,0.0,1,1,1,1,0,1,1,0,1,220.0,shorten
234,1,1,1,1,1,1,0,1,1,1,1,1,1,1,1,0,1,1,0,1,0,,309,234,1791,4,0.0,1,1,1,1,0,1,1,0,1,240.0,shorten
235,1,1,1,1,1,1,0,1,1,1,1,1,1,1,1,0,1,1,0,1,0,,31,235,1799,1,0.0,1,1,1,1,0,1,1,0,1,4060.0,skip
236,1,1,1,1,0,1,0,1,1,1,1,1,1,0,1,0,1,1,0,0,1,,310,236,1806,4,0.0,1,1,1,0,1,0,1,0,1,4040.0,skip
237,1,1,1,1,1,1,0,1,1,1,1,1,1,1,1,0,1,1,0,1,0,,311,237,1814,4,0.0,1,1,1,1,0,1,1,0,1,4080.0,skip
238,1,1,1,1,1,1,1,1,1,1,1,1,1,1,1,1,1,1,1,0,0,Inserted_Activity_resource,312,238,1823,4,20.0,1,1,1,1,0,1,1,1,1,260.0,skip
239,1,1,1,1,1,1,0,1,1,1,1,1,1,1,1,0,1,1,0,1,0,,313,239,1831,4,0.0,1,1,1,1,0,1,1,0,1,220.0,shorten
240,1,1,1,1,0,1,0,1,1,1,1,1,1,0,1,0,1,1,0,0,1,,314,240,1838,4,0.0,1,1,1,0,1,0,1,0,1,4020.0,skip
241,1,1,1,1,0,1,0,1,1,1,1,1,1,0,1,0,1,1,0,0,1,,315,241,1845,0,0.0,1,1,1,0,1,0,1,0,1,220.0,shorten
242,1,1,1,1,0,1,0,1,1,1,1,1,1,0,1,0,1,1,0,0,1,,316,242,1852,0,0.0,1,1,1,0,1,0,1,0,1,260.0,skip
243,1,1,1,1,0,1,0,1,1,1,1,1,1,0,1,0,1,1,0,0,1,,317,243,1859,0,0.0,1,1,1,0,1,0,1,0,1,240.0,shorten
244,1,1,1,1,1,1,0,1,1,1,1,1,1,1,1,0,1,1,0,1,0,,318,244,1867,4,0.0,1,1,1,1,0,1,1,0,1,200.0,shorten
245,1,1,1,1,1,1,0,1,1,1,1,1,1,1,1,0,1,1,0,1,0,,319,245,1875,4,0.0,1,1,1,1,0,1,1,0,1,220.0,shorten
246,1,1,1,1,0,1,0,1,1,1,1,1,1,0,1,0,1,1,0,0,1,,32,246,1882,2,0.0,1,1,1,0,1,0,1,0,1,240.0,shorten
247,1,1,1,1,0,1,0,1,1,1,1,1,1,0,1,0,1,1,0,0,1,,320,247,1889,0,0.0,1,1,1,0,1,0,1,0,1,220.0,shorten
248,1,1,1,1,1,1,0,1,1,1,1,1,1,1,1,0,1,1,0,1,0,,321,248,1897,0,0.0,1,1,1,1,0,1,1,0,1,200.0,shorten
249,1,1,1,1,0,1,0,1,1,1,1,1,1,0,1,0,1,1,0,0,1,,322,249,1904,0,0.0,1,1,1,0,1,0,1,0,1,240.0,shorten
250,1,1,1,1,1,1,0,1,1,1,1,1,1,1,1,0,1,1,0,1,0,,323,250,1912,0,0.0,1,1,1,1,0,1,1,0,1,260.0,skip
251,1,1,1,1,1,1,1,1,1,1,1,1,1,1,1,1,1,1,1,0,0,Inserted_Activity_resource,324,251,1921,0,20.0,1,1,1,1,0,1,1,1,1,1180.0,skip
252,1,1,1,1,1,1,0,1,1,1,1,1,1,1,1,0,1,1,0,1,0,,325,252,1929,0,0.0,1,1,1,1,0,1,1,0,1,1140.0,skip
253,1,1,1,1,0,1,0,1,1,1,1,1,1,0,1,0,1,1,0,0,1,,326,253,1936,0,0.0,1,1,1,0,1,0,1,0,1,1180.0,skip
254,1,1,1,1,1,1,0,1,1,1,1,1,1,1,1,0,1,1,0,1,0,,327,254,1944,0,0.0,1,1,1,1,0,1,1,0,1,260.0,skip
255,1,1,1,1,1,1,0,1,1,1,1,1,1,1,1,0,1,1,0,1,0,,328,255,1952,0,0.0,1,1,1,1,0,1,1,0,1,240.0,shorten
256,1,1,1,1,1,1,0,1,1,1,1,1,1,1,1,0,1,1,0,1,0,,329,256,1960,0,0.0,1,1,1,1,0,1,1,0,1,1160.0,skip
257,1,1,1,1,1,1,0,1,1,1,1,1,1,1,1,0,1,1,0,1,0,,33,257,1968,2,0.0,1,1,1,1,0,1,1,0,1,220.0,shorten
258,1,1,1,1,1,1,0,1,1,1,1,1,1,1,1,0,1,1,0,1,0,,330,258,1976,0,0.0,1,1,1,1,0,1,1,0,1,240.0,shorten
259,1,1,1,1,0,1,0,1,1,1,1,1,1,0,1,0,1,1,0,0,1,,331,259,1983,1,0.0,1,1,1,0,1,0,1,0,1,220.0,shorten
260,1,1,1,1,0,1,0,1,1,1,1,1,1,0,1,0,1,1,0,0,1,,332,260,1990,1,0.0,1,1,1,0,1,0,1,0,1,200.0,shorten
261,1,1,1,1,0,1,0,1,1,1,1,1,1,0,1,0,1,1,0,0,1,,333,261,1997,1,0.0,1,1,1,0,1,0,1,0,1,240.0,shorten
262,1,1,1,1,0,1,0,1,1,1,1,1,1,0,1,0,1,1,0,0,1,,334,262,2004,0,0.0,1,1,1,0,1,0,1,0,1,260.0,skip
263,1,1,1,1,1,1,0,1,1,1,1,1,1,1,1,0,1,1,0,1,0,,335,263,2012,0,0.0,1,1,1,1,0,1,1,0,1,220.0,shorten
264,1,1,1,1,0,1,0,1,1,1,1,1,1,0,1,0,1,1,0,0,1,,336,264,2019,1,0.0,1,1,1,0,1,0,1,0,1,200.0,insert
265,1,1,1,1,1,1,0,1,1,1,1,1,1,1,1,0,1,1,0,1,0,,337,265,2027,1,0.0,1,1,1,1,0,1,1,0,1,220.0,shorten
266,1,1,1,1,0,1,0,1,1,1,1,1,1,0,1,0,1,1,0,0,1,,338,266,2034,1,0.0,1,1,1,0,1,0,1,0,1,260.0,skip
267,1,1,1,1,1,1,0,1,1,1,1,1,1,1,1,0,1,1,0,1,0,,339,267,2042,1,0.0,1,1,1,1,0,1,1,0,1,1200.0,skip
268,1,1,1,1,0,1,0,1,1,1,1,1,1,0,1,0,1,1,0,0,1,,34,268,2049,2,0.0,1,1,1,0,1,0,1,0,1,1160.0,skip
269,1,1,1,1,1,1,0,1,1,1,1,1,1,1,1,0,1,1,0,1,0,,340,269,2057,1,0.0,1,1,1,1,0,1,1,0,1,1180.0,skip
270,1,1,1,1,1,1,0,1,1,1,1,1,1,1,1,0,1,1,0,1,0,,341,270,2065,1,0.0,1,1,1,1,0,1,1,0,1,240.0,shorten
271,1,1,1,1,1,1,0,1,1,1,1,1,1,1,1,0,1,1,0,1,0,,342,271,2073,1,0.0,1,1,1,1,0,1,1,0,1,220.0,shorten
272,1,1,1,1,1,1,0,1,1,1,1,1,1,1,1,0,1,1,0,1,0,,343,272,2081,1,0.0,1,1,1,1,0,1,1,0,1,1160.0,skip
273,1,1,1,1,1,1,0,1,1,1,1,1,1,1,1,0,1,1,0,1,0,,344,273,2089,1,0.0,1,1,1,1,0,1,1,0,1,240.0,shorten
274,1,1,1,1,1,1,0,1,1,1,1,1,1,1,1,0,1,1,0,1,0,,345,274,2097,1,0.0,1,1,1,1,0,1,1,0,1,260.0,skip
275,1,1,1,1,0,1,0,1,1,1,1,1,1,0,1,0,1,1,0,0,1,,346,275,2104,1,0.0,1,1,1,0,1,0,1,0,1,220.0,shorten
276,1,1,1,1,0,1,0,1,1,1,1,1,1,0,1,0,1,1,0,0,1,,347,276,2111,2,0.0,1,1,1,0,1,0,1,0,1,200.0,insert
277,1,1,1,1,0,1,0,1,1,1,1,1,1,0,1,0,1,1,0,0,1,,348,277,2118,2,0.0,1,1,1,0,1,0,1,0,1,220.0,shorten
278,1,1,1,1,0,1,0,1,1,1,1,1,1,0,1,0,1,1,0,0,1,,349,278,2125,2,0.0,1,1,1,0,1,0,1,0,1,260.0,skip
279,1,1,1,1,1,1,0,1,1,1,1,1,1,1,1,0,1,1,0,1,0,,35,279,2133,2,0.0,1,1,1,1,0,1,1,0,1,240.0,shorten
280,1,1,1,1,0,1,0,1,1,1,1,1,1,0,1,0,1,1,0,0,1,,350,280,2140,1,0.0,1,1,1,0,1,0,1,0,1,200.0,shorten
281,1,1,1,1,1,1,0,1,1,1,1,1,1,1,1,0,1,1,0,1,0,,351,281,2148,1,0.0,1,1,1,1,0,1,1,0,1,220.0,shorten
282,1,1,1,1,0,1,0,1,1,1,1,1,1,0,1,0,1,1,0,0,1,,352,282,2155,2,0.0,1,1,1,0,1,0,1,0,1,240.0,shorten
283,1,1,1,1,1,1,0,1,1,1,1,1,1,1,1,0,1,1,0,1,0,,353,283,2163,2,0.0,1,1,1,1,0,1,1,0,1,1180.0,skip
284,1,1,1,1,1,1,0,1,1,1,1,1,1,1,1,0,1,1,0,1,0,,354,284,2171,2,0.0,1,1,1,1,0,1,1,0,1,1160.0,skip
285,1,1,1,1,1,1,0,1,1,1,1,1,1,1,1,0,1,1,0,1,0,,355,285,2179,2,0.0,1,1,1,1,0,1,1,0,1,1200.0,skip
286,1,1,1,1,1,1,0,1,1,1,1,1,1,1,1,0,1,1,0,1,0,,356,286,2187,2,0.0,1,1,1,1,0,1,1,0,1,260.0,skip
287,1,1,1,1,1,1,0,1,1,1,1,1,1,1,1,0,1,1,0,1,0,,357,287,2195,2,0.0,1,1,1,1,0,1,1,0,1,220.0,shorten
288,1,1,1,1,0,1,0,1,1,1,1,1,1,0,1,0,1,1,0,0,1,,358,288,2202,2,0.0,1,1,1,0,1,0,1,0,1,1140.0,skip
289,1,1,1,1,1,1,0,1,1,1,1,1,1,1,1,0,1,1,0,1,0,,359,289,2210,2,0.0,1,1,1,1,0,1,1,0,1,220.0,shorten
290,1,1,1,1,1,1,1,1,1,1,1,1,1,1,1,1,1,1,1,0,0,Inserted_Activity_resource,36,290,2219,2,20.0,1,1,1,1,0,1,1,1,1,260.0,skip
291,1,1,1,1,1,1,1,1,1,1,1,1,1,1,1,1,1,1,1,0,0,Inserted_Activity_resource,360,291,2228,2,20.0,1,1,1,1,0,1,1,1,1,240.0,shorten
292,1,1,1,1,1,1,0,1,1,1,1,1,1,1,1,0,1,1,0,1,0,,361,292,2236,2,0.0,1,1,1,1,0,1,1,0,1,200.0,shorten
293,1,1,1,1,0,1,0,1,1,1,1,1,1,0,1,0,1,1,0,0,1,,362,293,2243,2,0.0,1,1,1,0,1,0,1,0,1,220.0,shorten
294,1,1,1,1,0,1,0,1,1,1,1,1,1,0,1,0,1,1,0,0,1,,363,294,2250,3,0.0,1,1,1,0,1,0,1,0,1,240.0,shorten
295,1,1,1,1,0,1,0,1,1,1,1,1,1,0,1,0,1,1,0,0,1,,364,295,2257,3,0.0,1,1,1,0,1,0,1,0,1,220.0,shorten
296,1,1,1,1,0,1,0,1,1,1,1,1,1,0,1,0,1,1,0,0,1,,365,296,2264,3,0.0,1,1,1,0,1,0,1,0,1,200.0,shorten
297,1,1,1,1,1,1,0,1,1,1,1,1,1,1,1,0,1,1,0,1,0,,366,297,2272,2,0.0,1,1,1,1,0,1,1,0,1,240.0,shorten
298,1,1,1,1,1,1,0,1,1,1,1,1,1,1,1,0,1,1,0,1,0,,367,298,2280,2,0.0,1,1,1,1,0,1,1,0,1,260.0,skip
299,1,1,1,1,0,1,0,1,1,1,1,1,1,0,1,0,1,1,0,0,1,,368,299,2287,3,0.0,1,1,1,0,1,0,1,0,1,1180.0,skip
300,1,1,1,1,1,1,0,1,1,1,1,1,1,1,1,0,1,1,0,1,0,,369,300,2295,3,0.0,1,1,1,1,0,1,1,0,1,1140.0,skip
301,1,1,1,1,1,1,0,1,1,1,1,1,1,1,1,0,1,1,0,1,0,,37,301,2303,2,0.0,1,1,1,1,0,1,1,0,1,1180.0,skip
302,1,1,1,1,0,1,0,1,1,1,1,1,1,0,1,0,1,1,0,0,1,,370,302,2310,3,0.0,1,1,1,0,1,0,1,0,1,260.0,skip
303,1,1,1,1,1,1,0,1,1,1,1,1,1,1,1,0,1,1,0,1,0,,371,303,2318,3,0.0,1,1,1,1,0,1,1,0,1,240.0,shorten
304,1,1,1,1,1,1,1,1,1,1,1,1,1,1,1,1,1,1,1,0,0,Inserted_Activity_resource,372,304,2327,3,20.0,1,1,1,1,0,1,1,1,1,1160.0,skip
305,1,1,1,1,1,1,0,1,1,1,1,1,1,1,1,0,1,1,0,1,0,,373,305,2335,3,0.0,1,1,1,1,0,1,1,0,1,220.0,shorten
306,1,1,1,1,0,1,0,1,1,1,1,1,1,0,1,0,1,1,0,0,1,,374,306,2342,3,0.0,1,1,1,0,1,0,1,0,1,240.0,shorten
307,1,1,1,1,1,1,0,1,1,1,1,1,1,1,1,0,1,1,0,1,0,,375,307,2350,3,0.0,1,1,1,1,0,1,1,0,1,220.0,shorten
308,1,1,1,1,1,1,0,1,1,1,1,1,1,1,1,0,1,1,0,1,0,,376,308,2358,3,0.0,1,1,1,1,0,1,1,0,1,200.0,shorten
309,1,1,1,1,1,1,0,1,1,1,1,1,1,1,1,0,1,1,0,1,0,,377,309,2366,3,0.0,1,1,1,1,0,1,1,0,1,240.0,shorten
310,1,1,1,1,1,1,0,1,1,1,1,1,1,1,1,0,1,1,0,1,0,,378,310,2374,3,0.0,1,1,1,1,0,1,1,0,1,260.0,skip
311,1,1,1,1,0,1,0,1,1,1,1,1,1,0,1,0,1,1,0,0,1,,379,311,2381,4,0.0,1,1,1,0,1,0,1,0,1,220.0,shorten
312,1,1,1,1,0,1,0,1,1,1,1,1,1,0,1,0,1,1,0,0,1,,38,312,2388,2,0.0,1,1,1,0,1,0,1,0,1,200.0,insert
313,1,1,1,1,0,1,0,1,1,1,1,1,1,0,1,0,1,1,0,0,1,,380,313,2395,4,0.0,1,1,1,0,1,0,1,0,1,220.0,shorten
314,1,1,1,1,0,1,0,1,1,1,1,1,1,0,1,0,1,1,0,0,1,,381,314,2402,4,0.0,1,1,1,0,1,0,1,0,1,260.0,skip
315,1,1,1,1,0,1,0,1,1,1,1,1,1,0,1,0,1,1,0,0,1,,382,315,2409,3,0.0,1,1,1,0,1,0,1,0,1,4080.0,skip
316,1,1,1,1,1,1,0,1,1,1,1,1,1,1,1,0,1,1,0,1,0,,383,316,2417,3,0.0,1,1,1,1,0,1,1,0,1,4040.0,skip
317,1,1,1,1,0,1,0,1,1,1,1,1,1,0,1,0,1,1,0,0,1,,384,317,2424,4,0.0,1,1,1,0,1,0,1,0,1,4060.0,skip
318,1,1,1,1,1,1,0,1,1,1,1,1,1,1,1,0,1,1,0,1,0,,385,318,2432,4,0.0,1,1,1,1,0,1,1,0,1,240.0,shorten
319,1,1,1,1,0,1,0,1,1,1,1,1,1,0,1,0,1,1,0,0,1,,386,319,2439,4,0.0,1,1,1,0,1,0,1,0,1,220.0,shorten
320,1,1,1,1,1,1,0,1,1,1,1,1,1,1,1,0,1,1,0,1,0,,387,320,2447,4,0.0,1,1,1,1,0,1,1,0,1,4040.0,skip
321,1,1,1,1,1,1,0,1,1,1,1,1,1,1,1,0,1,1,0,1,0,,388,321,2455,4,0.0,1,1,1,1,0,1,1,0,1,240.0,shorten
322,1,1,1,1,1,1,0,1,1,1,1,1,1,1,1,0,1,1,0,1,0,,389,322,2463,4,0.0,1,1,1,1,0,1,1,0,1,260.0,skip
323,1,1,1,1,1,1,0,1,1,1,1,1,1,1,1,0,1,1,0,1,0,,39,323,2471,2,0.0,1,1,1,1,0,1,1,0,1,220.0,shorten
324,1,1,1,1,1,1,0,1,1,1,1,1,1,1,1,0,1,1,0,1,0,,390,324,2479,4,0.0,1,1,1,1,0,1,1,0,1,200.0,insert
325,1,1,1,1,1,1,0,1,1,1,1,1,1,1,1,0,1,1,0,1,0,,391,325,2487,4,0.0,1,1,1,1,0,1,1,0,1,220.0,shorten
326,1,1,1,1,1,1,0,1,1,1,1,1,1,1,1,0,1,1,0,1,0,,392,326,2495,4,0.0,1,1,1,1,0,1,1,0,1,260.0,skip
327,1,1,1,1,1,1,0,1,1,1,1,1,1,1,1,0,1,1,0,1,0,,393,327,2503,4,0.0,1,1,1,1,0,1,1,0,1,240.0,shorten
328,1,1,1,1,0,1,0,1,1,1,1,1,1,0,1,0,1,1,0,0,1,,394,328,2510,4,0.0,1,1,1,0,1,0,1,0,1,200.0,shorten
329,1,1,1,1,0,1,0,1,1,1,1,1,1,0,1,0,1,1,0,0,1,,395,329,2517,0,0.0,1,1,1,0,1,0,1,0,1,220.0,shorten
330,1,1,1,1,0,1,0,1,1,1,1,1,1,0,1,0,1,1,0,0,1,,396,330,2524,0,0.0,1,1,1,0,1,0,1,0,1,240.0,shorten
331,1,1,1,1,0,1,0,1,1,1,1,1,1,0,1,0,1,1,0,0,1,,397,331,2531,0,0.0,1,1,1,0,1,0,1,0,1,1180.0,skip
332,1,1,1,1,0,1,0,1,1,1,1,1,1,0,1,0,1,1,0,0,1,,398,332,2538,4,0.0,1,1,1,0,1,0,1,0,1,1160.0,skip
333,1,1,1,1,1,1,0,1,1,1,1,1,1,1,1,0,1,1,0,1,0,,399,333,2546,4,0.0,1,1,1,1,0,1,1,0,1,1200.0,skip
334,1,1,1,1,1,1,0,1,1,1,1,1,1,1,1,0,1,1,0,1,0,,4,334,2554,0,0.0,1,1,1,1,0,1,1,0,1,260.0,skip
335,1,1,1,1,1,1,0,1,1,1,1,1,1,1,1,0,1,1,0,1,0,,40,335,2562,2,0.0,1,1,1,1,0,1,1,0,1,220.0,shorten
336,1,1,1,1,0,1,0,1,1,1,1,1,1,0,1,0,1,1,0,0,1,,400,336,2569,0,0.0,1,1,1,0,1,0,1,0,1,1140.0,skip
337,1,1,1,1,1,1,0,1,1,1,1,1,1,1,1,0,1,1,0,1,0,,401,337,2577,0,0.0,1,1,1,1,0,1,1,0,1,220.0,shorten
338,1,1,1,1,1,1,0,1,1,1,1,1,1,1,1,0,1,1,0,1,0,,402,338,2585,0,0.0,1,1,1,1,0,1,1,0,1,260.0,skip
339,1,1,1,1,1,1,0,1,1,1,1,1,1,1,1,0,1,1,0,1,0,,403,339,2593,0,0.0,1,1,1,1,0,1,1,0,1,240.0,shorten
340,1,1,1,1,1,1,0,1,1,1,1,1,1,1,1,0,1,1,0,1,0,,404,340,2601,0,0.0,1,1,1,1,0,1,1,0,1,200.0,shorten
341,1,1,1,1,1,1,0,1,1,1,1,1,1,1,1,0,1,1,0,1,0,,405,341,2609,0,0.0,1,1,1,1,0,1,1,0,1,220.0,shorten
342,1,1,1,1,0,1,0,1,1,1,1,1,1,0,1,0,1,1,0,0,1,,406,342,2616,0,0.0,1,1,1,0,1,0,1,0,1,240.0,shorten
343,1,1,1,1,1,1,0,1,1,1,1,1,1,1,1,0,1,1,0,1,0,,407,343,2624,0,0.0,1,1,1,1,0,1,1,0,1,220.0,shorten
344,1,1,1,1,1,1,1,1,1,1,1,1,1,1,1,1,1,1,1,0,0,Inserted_Activity_resource,408,344,2633,0,20.0,1,1,1,1,0,1,1,1,1,200.0,shorten
345,1,1,1,1,1,1,0,1,1,1,1,1,1,1,1,0,1,1,0,1,0,,409,345,2641,0,0.0,1,1,1,1,0,1,1,0,1,240.0,shorten
346,1,1,1,1,1,1,0,1,1,1,1,1,1,1,1,0,1,1,0,1,0,,41,346,2649,2,0.0,1,1,1,1,0,1,1,0,1,260.0,skip
347,1,1,1,1,0,1,0,1,1,1,1,1,1,0,1,0,1,1,0,0,1,,410,347,2656,0,0.0,1,1,1,0,1,0,1,0,1,1180.0,skip
348,1,1,1,1,0,1,0,1,1,1,1,1,1,0,1,0,1,1,0,0,1,,411,348,2663,1,0.0,1,1,1,0,1,0,1,0,1,1140.0,skip
349,1,1,1,1,0,1,0,1,1,1,1,1,1,0,1,0,1,1,0,0,1,,412,349,2670,1,0.0,1,1,1,0,1,0,1,0,1,1180.0,skip
350,1,1,1,1,0,1,0,1,1,1,1,1,1,0,1,0,1,1,0,0,1,,413,350,2677,1,0.0,1,1,1,0,1,0,1,0,1,260.0,skip
351,1,1,1,1,1,1,0,1,1,1,1,1,1,1,1,0,1,1,0,1,0,,414,351,2685,0,0.0,1,1,1,1,0,1,1,0,1,240.0,shorten
352,1,1,1,1,1,1,0,1,1,1,1,1,1,1,1,0,1,1,0,1,0,,415,352,2693,0,0.0,1,1,1,1,0,1,1,0,1,1160.0,skip
353,1,1,1,1,0,1,0,1,1,1,1,1,1,0,1,0,1,1,0,0,1,,416,353,2700,1,0.0,1,1,1,0,1,0,1,0,1,220.0,shorten
354,1,1,1,1,1,1,0,1,1,1,1,1,1,1,1,0,1,1,0,1,0,,417,354,2708,1,0.0,1,1,1,1,0,1,1,0,1,240.0,shorten
355,1,1,1,1,0,1,0,1,1,1,1,1,1,0,1,0,1,1,0,0,1,,418,355,2715,1,0.0,1,1,1,0,1,0,1,0,1,220.0,shorten
356,1,1,1,1,1,1,0,1,1,1,1,1,1,1,1,0,1,1,0,1,0,,419,356,2723,1,0.0,1,1,1,1,0,1,1,0,1,200.0,shorten
357,1,1,1,1,1,1,0,1,1,1,1,1,1,1,1,0,1,1,0,1,0,,42,357,2731,2,0.0,1,1,1,1,0,1,1,0,1,240.0,shorten
358,1,1,1,1,1,1,1,1,1,1,1,1,1,1,1,1,1,1,1,0,0,Inserted_Activity_resource,420,358,2740,1,20.0,1,1,1,1,0,1,1,1,1,260.0,skip
359,1,1,1,1,1,1,0,1,1,1,1,1,1,1,1,0,1,1,0,1,0,,421,359,2748,1,0.0,1,1,1,1,0,1,1,0,1,220.0,shorten
360,1,1,1,1,0,1,0,1,1,1,1,1,1,0,1,0,1,1,0,0,1,,422,360,2755,1,0.0,1,1,1,0,1,0,1,0,1,200.0,insert
361,1,1,1,1,1,1,0,1,1,1,1,1,1,1,1,0,1,1,0,1,0,,423,361,2763,1,0.0,1,1,1,1,0,1,1,0,1,220.0,shorten
362,1,1,1,1,1,1,0,1,1,1,1,1,1,1,1,0,1,1,0,1,0,,424,362,2771,1,0.0,1,1,1,1,0,1,1,0,1,260.0,skip
363,1,1,1,1,1,1,0,1,1,1,1,1,1,1,1,0,1,1,0,1,0,,425,363,2779,1,0.0,1,1,1,1,0,1,1,0,1,1200.0,skip
364,1,1,1,1,1,1,0,1,1,1,1,1,1,1,1,0,1,1,0,1,0,,426,364,2787,1,0.0,1,1,1,1,0,1,1,0,1,1160.0,skip
365,1,1,1,1,0,1,0,1,1,1,1,1,1,0,1,0,1,1,0,0,1,,427,365,2794,2,0.0,1,1,1,0,1,0,1,0,1,1180.0,skip
366,1,1,1,1,0,1,0,1,1,1,1,1,1,0,1,0,1,1,0,0,1,,428,366,2801,2,0.0,1,1,1,0,1,0,1,0,1,240.0,shorten
367,1,1,1,1,0,1,0,1,1,1,1,1,1,0,1,0,1,1,0,0,1,,429,367,2808,2,0.0,1,1,1,0,1,0,1,0,1,220.0,shorten
368,1,1,1,1,0,1,0,1,1,1,1,1,1,0,1,0,1,1,0,0,1,,43,368,2815,3,0.0,1,1,1,0,1,0,1,0,1,1160.0,skip
369,1,1,1,1,0,1,0,1,1,1,1,1,1,0,1,0,1,1,0,0,1,,430,369,2822,1,0.0,1,1,1,0,1,0,1,0,1,240.0,shorten
370,1,1,1,1,1,1,0,1,1,1,1,1,1,1,1,0,1,1,0,1,0,,431,370,2830,1,0.0,1,1,1,1,0,1,1,0,1,260.0,skip
371,1,1,1,1,0,1,0,1,1,1,1,1,1,0,1,0,1,1,0,0,1,,432,371,2837,2,0.0,1,1,1,0,1,0,1,0,1,220.0,shorten
372,1,1,1,1,1,1,0,1,1,1,1,1,1,1,1,0,1,1,0,1,0,,433,372,2845,2,0.0,1,1,1,1,0,1,1,0,1,200.0,insert
373,1,1,1,1,0,1,0,1,1,1,1,1,1,0,1,0,1,1,0,0,1,,434,373,2852,2,0.0,1,1,1,0,1,0,1,0,1,220.0,shorten
374,1,1,1,1,1,1,0,1,1,1,1,1,1,1,1,0,1,1,0,1,0,,435,374,2860,2,0.0,1,1,1,1,0,1,1,0,1,260.0,skip
375,1,1,1,1,1,1,0,1,1,1,1,1,1,1,1,0,1,1,0,1,0,,436,375,2868,2,0.0,1,1,1,1,0,1,1,0,1,240.0,shorten
376,1,1,1,1,1,1,0,1,1,1,1,1,1,1,1,0,1,1,0,1,0,,437,376,2876,2,0.0,1,1,1,1,0,1,1,0,1,200.0,shorten
377,1,1,1,1,1,1,0,1,1,1,1,1,1,1,1,0,1,1,0,1,0,,438,377,2884,2,0.0,1,1,1,1,0,1,1,0,1,220.0,shorten
378,1,1,1,1,1,1,0,1,1,1,1,1,1,1,1,0,1,1,0,1,0,,439,378,2892,2,0.0,1,1,1,1,0,1,1,0,1,240.0,shorten
379,1,1,1,1,0,1,0,1,1,1,1,1,1,0,1,0,1,1,0,0,1,,44,379,2899,3,0.0,1,1,1,0,1,0,1,0,1,1180.0,skip
380,1,1,1,1,1,1,0,1,1,1,1,1,1,1,1,0,1,1,0,1,0,,440,380,2907,2,0.0,1,1,1,1,0,1,1,0,1,1160.0,skip
381,1,1,1,1,1,1,0,1,1,1,1,1,1,1,1,0,1,1,0,1,0,,441,381,2915,2,0.0,1,1,1,1,0,1,1,0,1,1200.0,skip
382,1,1,1,1,0,1,0,1,1,1,1,1,1,0,1,0,1,1,0,0,1,,442,382,2922,2,0.0,1,1,1,0,1,0,1,0,1,260.0,skip
383,1,1,1,1,0,1,0,1,1,1,1,1,1,0,1,0,1,1,0,0,1,,443,383,2929,3,0.0,1,1,1,0,1,0,1,0,1,220.0,shorten
384,1,1,1,1,0,1,0,1,1,1,1,1,1,0,1,0,1,1,0,0,1,,444,384,2936,3,0.0,1,1,1,0,1,0,1,0,1,1140.0,skip
385,1,1,1,1,0,1,0,1,1,1,1,1,1,0,1,0,1,1,0,0,1,,445,385,2943,3,0.0,1,1,1,0,1,0,1,0,1,220.0,shorten
386,1,1,1,1,0,1,0,1,1,1,1,1,1,0,1,0,1,1,0,0,1,,446,386,2950,2,0.0,1,1,1,0,1,0,1,0,1,260.0,skip
387,1,1,1,1,1,1,0,1,1,1,1,1,1,1,1,0,1,1,0,1,0,,447,387,2958,2,0.0,1,1,1,1,0,1,1,0,1,240.0,shorten
388,1,1,1,1,0,1,0,1,1,1,1,1,1,0,1,0,1,1,0,0,1,,448,388,2965,3,0.0,1,1,1,0,1,0,1,0,1,200.0,shorten
389,1,1,1,1,1,1,0,1,1,1,1,1,1,1,1,0,1,1,0,1,0,,449,389,2973,3,0.0,1,1,1,1,0,1,1,0,1,220.0,shorten
390,1,1,1,1,0,1,0,1,1,1,1,1,1,0,1,0,1,1,0,0,1,,45,390,2980,3,0.0,1,1,1,0,1,0,1,0,1,240.0,shorten
391,1,1,1,1,1,1,0,1,1,1,1,1,1,1,1,0,1,1,0,1,0,,450,391,2988,3,0.0,1,1,1,1,0,1,1,0,1,220.0,shorten
392,1,1,1,1,1,1,0,1,1,1,1,1,1,1,1,0,1,1,0,1,0,,451,392,2996,3,0.0,1,1,1,1,0,1,1,0,1,200.0,shorten
393,1,1,1,1,1,1,0,1,1,1,1,1,1,1,1,0,1,1,0,1,0,,452,393,3004,3,0.0,1,1,1,1,0,1,1,0,1,240.0,shorten
394,1,1,1,1,1,1,0,1,1,1,1,1,1,1,1,0,1,1,0,1,0,,453,394,3012,3,0.0,1,1,1,1,0,1,1,0,1,260.0,skip
395,1,1,1,1,0,1,0,1,1,1,1,1,1,0,1,0,1,1,0,0,1,,454,395,3019,3,0.0,1,1,1,0,1,0,1,0,1,4060.0,skip
396,1,1,1,1,1,1,0,1,1,1,1,1,1,1,1,0,1,1,0,1,0,,455,396,3027,3,0.0,1,1,1,1,0,1,1,0,1,4020.0,skip
397,1,1,1,1,1,1,1,1,1,1,1,1,1,1,1,1,1,1,1,0,0,Inserted_Activity_resource,456,397,3036,3,20.0,1,1,1,1,0,1,1,1,1,4060.0,skip
398,1,1,1,1,1,1,0,1,1,1,1,1,1,1,1,0,1,1,0,1,0,,457,398,3044,3,0.0,1,1,1,1,0,1,1,0,1,260.0,skip
399,1,1,1,1,0,1,0,1,1,1,1,1,1,0,1,0,1,1,0,0,1,,458,399,3051,3,0.0,1,1,1,0,1,0,1,0,1,240.0,shorten
400,1,1,1,1,0,1,0,1,1,1,1,1,1,0,1,0,1,1,0,0,1,,459,400,3058,4,0.0,1,1,1,0,1,0,1,0,1,4040.0,skip
401,1,1,1,1,0,1,0,1,1,1,1,1,1,0,1,0,1,1,0,0,1,,46,401,3065,2,0.0,1,1,1,0,1,0,1,0,1,220.0,shorten
402,1,1,1,1,0,1,0,1,1,1,1,1,1,0,1,0,1,1,0,0,1,,460,402,3072,4,0.0,1,1,1,0,1,0,1,0,1,240.0,shorten
403,1,1,1,1,0,1,0,1,1,1,1,1,1,0,1,0,1,1,0,0,1,,461,403,3079,4,0.0,1,1,1,0,1,0,1,0,1,220.0,shorten
404,1,1,1,1,1,1,0,1,1,1,1,1,1,1,1,0,1,1,0,1,0,,462,404,3087,3,0.0,1,1,1,1,0,1,1,0,1,200.0,shorten
405,1,1,1,1,1,1,0,1,1,1,1,1,1,1,1,0,1,1,0,1,0,,463,405,3095,3,0.0,1,1,1,1,0,1,1,0,1,240.0,shorten
406,1,1,1,1,0,1,0,1,1,1,1,1,1,0,1,0,1,1,0,0,1,,464,406,3102,4,0.0,1,1,1,0,1,0,1,0,1,260.0,skip
407,1,1,1,1,1,1,0,1,1,1,1,1,1,1,1,0,1,1,0,1,0,,465,407,3110,4,0.0,1,1,1,1,0,1,1,0,1,220.0,shorten
408,1,1,1,1,0,1,0,1,1,1,1,1,1,0,1,0,1,1,0,0,1,,466,408,3117,4,0.0,1,1,1,0,1,0,1,0,1,200.0,insert
409,1,1,1,1,1,1,0,1,1,1,1,1,1,1,1,0,1,1,0,1,0,,467,409,3125,4,0.0,1,1,1,1,0,1,1,0,1,220.0,shorten
410,1,1,1,1,1,1,1,1,1,1,1,1,1,1,1,1,1,1,1,0,0,Inserted_Activity_resource,468,410,3134,4,20.0,1,1,1,1,0,1,1,1,1,260.0,skip
411,1,1,1,1,1,1,0,1,1,1,1,1,1,1,1,0,1,1,0,1,0,,469,411,3142,4,0.0,1,1,1,1,0,1,1,0,1,1200.0,skip
412,1,1,1,1,1,1,0,1,1,1,1,1,1,1,1,0,1,1,0,1,0,,47,412,3150,2,0.0,1,1,1,1,0,1,1,0,1,1160.0,skip
413,1,1,1,1,0,1,0,1,1,1,1,1,1,0,1,0,1,1,0,0,1,,470,413,3157,4,0.0,1,1,1,0,1,0,1,0,1,1180.0,skip
414,1,1,1,1,1,1,0,1,1,1,1,1,1,1,1,0,1,1,0,1,0,,471,414,3165,4,0.0,1,1,1,1,0,1,1,0,1,240.0,shorten
415,1,1,1,1,1,1,0,1,1,1,1,1,1,1,1,0,1,1,0,1,0,,472,415,3173,4,0.0,1,1,1,1,0,1,1,0,1,220.0,shorten
416,1,1,1,1,1,1,0,1,1,1,1,1,1,1,1,0,1,1,0,1,0,,473,416,3181,4,0.0,1,1,1,1,0,1,1,0,1,1160.0,skip
417,1,1,1,1,1,1,0,1,1,1,1,1,1,1,1,0,1,1,0,1,0,,474,417,3189,4,0.0,1,1,1,1,0,1,1,0,1,240.0,shorten
418,1,1,1,1,0,1,0,1,1,1,1,1,1,0,1,0,1,1,0,0,1,,475,418,3196,0,0.0,1,1,1,0,1,0,1,0,1,260.0,skip
419,1,1,1,1,0,1,0,1,1,1,1,1,1,0,1,0,1,1,0,0,1,,476,419,3203,0,0.0,1,1,1,0,1,0,1,0,1,220.0,shorten
420,1,1,1,1,0,1,0,1,1,1,1,1,1,0,1,0,1,1,0,0,1,,477,420,3210,0,0.0,1,1,1,0,1,0,1,0,1,200.0,insert
421,1,1,1,1,0,1,0,1,1,1,1,1,1,0,1,0,1,1,0,0,1,,478,421,3217,4,0.0,1,1,1,0,1,0,1,0,1,220.0,shorten
422,1,1,1,1,1,1,0,1,1,1,1,1,1,1,1,0,1,1,0,1,0,,479,422,3225,4,0.0,1,1,1,1,0,1,1,0,1,260.0,skip
423,1,1,1,1,0,1,0,1,1,1,1,1,1,0,1,0,1,1,0,0,1,,48,423,3232,3,0.0,1,1,1,0,1,0,1,0,1,240.0,shorten
424,1,1,1,1,0,1,0,1,1,1,1,1,1,0,1,0,1,1,0,0,1,,480,424,3239,0,0.0,1,1,1,0,1,0,1,0,1,200.0,shorten
425,1,1,1,1,1,1,0,1,1,1,1,1,1,1,1,0,1,1,0,1,0,,481,425,3247,0,0.0,1,1,1,1,0,1,1,0,1,220.0,shorten
426,1,1,1,1,0,1,0,1,1,1,1,1,1,0,1,0,1,1,0,0,1,,482,426,3254,0,0.0,1,1,1,0,1,0,1,0,1,240.0,shorten
427,1,1,1,1,1,1,0,1,1,1,1,1,1,1,1,0,1,1,0,1,0,,483,427,3262,0,0.0,1,1,1,1,0,1,1,0,1,1180.0,skip
428,1,1,1,1,1,1,0,1,1,1,1,1,1,1,1,0,1,1,0,1,0,,484,428,3270,0,0.0,1,1,1,1,0,1,1,0,1,1160.0,skip
429,1,1,1,1,1,1,0,1,1,1,1,1,1,1,1,0,1,1,0,1,0,,485,429,3278,0,0.0,1,1,1,1,0,1,1,0,1,1200.0,skip
430,1,1,1,1,1,1,0,1,1,1,1,1,1,1,1,0,1,1,0,1,0,,486,430,3286,0,0.0,1,1,1,1,0,1,1,0,1,260.0,skip
431,1,1,1,1,1,1,0,1,1,1,1,1,1,1,1,0,1,1,0,1,0,,487,431,3294,0,0.0,1,1,1,1,0,1,1,0,1,220.0,shorten
432,1,1,1,1,1,1,0,1,1,1,1,1,1,1,1,0,1,1,0,1,0,,488,432,3302,0,0.0,1,1,1,1,0,1,1,0,1,1140.0,skip
433,1,1,1,1,1,1,0,1,1,1,1,1,1,1,1,0,1,1,0,1,0,,489,433,3310,0,0.0,1,1,1,1,0,1,1,0,1,220.0,shorten
434,1,1,1,1,1,1,0,1,1,1,1,1,1,1,1,0,1,1,0,1,0,,49,434,3318,3,0.0,1,1,1,1,0,1,1,0,1,260.0,skip
435,1,1,1,1,0,1,0,1,1,1,1,1,1,0,1,0,1,1,0,0,1,,490,435,3325,0,0.0,1,1,1,0,1,0,1,0,1,240.0,shorten
436,1,1,1,1,0,1,0,1,1,1,1,1,1,0,1,0,1,1,0,0,1,,491,436,3332,1,0.0,1,1,1,0,1,0,1,0,1,200.0,shorten
437,1,1,1,1,0,1,0,1,1,1,1,1,1,0,1,0,1,1,0,0,1,,492,437,3339,1,0.0,1,1,1,0,1,0,1,0,1,220.0,shorten
438,1,1,1,1,0,1,0,1,1,1,1,1,1,0,1,0,1,1,0,0,1,,493,438,3346,1,0.0,1,1,1,0,1,0,1,0,1,240.0,shorten
439,1,1,1,1,0,1,0,1,1,1,1,1,1,0,1,0,1,1,0,0,1,,494,439,3353,0,0.0,1,1,1,0,1,0,1,0,1,220.0,shorten
440,1,1,1,1,1,1,0,1,1,1,1,1,1,1,1,0,1,1,0,1,0,,495,440,3361,0,0.0,1,1,1,1,0,1,1,0,1,200.0,shorten
441,1,1,1,1,0,1,0,1,1,1,1,1,1,0,1,0,1,1,0,0,1,,496,441,3368,1,0.0,1,1,1,0,1,0,1,0,1,240.0,shorten
442,1,1,1,1,1,1,0,1,1,1,1,1,1,1,1,0,1,1,0,1,0,,497,442,3376,1,0.0,1,1,1,1,0,1,1,0,1,260.0,skip
443,1,1,1,1,1,1,0,1,1,1,1,1,1,1,1,0,1,1,0,1,0,,498,443,3384,1,0.0,1,1,1,1,0,1,1,0,1,1180.0,skip
444,1,1,1,1,1,1,0,1,1,1,1,1,1,1,1,0,1,1,0,1,0,,499,444,3392,1,0.0,1,1,1,1,0,1,1,0,1,1140.0,skip
445,1,1,1,1,1,1,0,1,1,1,1,1,1,1,1,0,1,1,0,1,0,,5,445,3400,0,0.0,1,1,1,1,0,1,1,0,1,1180.0,skip
446,1,1,1,1,0,1,0,1,1,1,1,1,1,0,1,0,1,1,0,0,1,,50,446,3407,3,0.0,1,1,1,0,1,0,1,0,1,260.0,skip
447,1,1,1,1,1,1,0,1,1,1,1,1,1,1,1,0,1,1,0,1,0,,500,447,3415,1,0.0,1,1,1,1,0,1,1,0,1,240.0,shorten
448,1,1,1,1,1,1,0,1,1,1,1,1,1,1,1,0,1,1,0,1,0,,501,448,3423,1,0.0,1,1,1,1,0,1,1,0,1,1160.0,skip
449,1,1,1,1,0,1,0,1,1,1,1,1,1,0,1,0,1,1,0,0,1,,502,449,3430,1,0.0,1,1,1,0,1,0,1,0,1,220.0,shorten
450,1,1,1,1,1,1,0,1,1,1,1,1,1,1,1,0,1,1,0,1,0,,503,450,3438,1,0.0,1,1,1,1,0,1,1,0,1,240.0,shorten
451,1,1,1,1,1,1,1,1,1,1,1,1,1,1,1,1,1,1,1,0,0,Inserted_Activity_resource,504,451,3447,1,20.0,1,1,1,1,0,1,1,1,1,220.0,shorten
452,1,1,1,1,1,1,0,1,1,1,1,1,1,1,1,0,1,1,0,1,0,,505,452,3455,1,0.0,1,1,1,1,0,1,1,0,1,200.0,shorten
453,1,1,1,1,0,1,0,1,1,1,1,1,1,0,1,0,1,1,0,0,1,,506,453,3462,1,0.0,1,1,1,0,1,0,1,0,1,240.0,shorten
454,1,1,1,1,0,1,0,1,1,1,1,1,1,0,1,0,1,1,0,0,1,,507,454,3469,2,0.0,1,1,1,0,1,0,1,0,1,260.0,skip
455,1,1,1,1,0,1,0,1,1,1,1,1,1,0,1,0,1,1,0,0,1,,508,455,3476,2,0.0,1,1,1,0,1,0,1,0,1,220.0,shorten
456,1,1,1,1,0,1,0,1,1,1,1,1,1,0,1,0,1,1,0,0,1,,509,456,3483,2,0.0,1,1,1,0,1,0,1,0,1,200.0,insert
457,1,1,1,1,1,1,0,1,1,1,1,1,1,1,1,0,1,1,0,1,0,,51,457,3491,3,0.0,1,1,1,1,0,1,1,0,1,220.0,shorten
458,1,1,1,1,1,1,0,1,1,1,1,1,1,1,1,0,1,1,0,1,0,,510,458,3499,1,0.0,1,1,1,1,0,1,1,0,1,260.0,skip
459,1,1,1,1,1,1,0,1,1,1,1,1,1,1,1,0,1,1,0,1,0,,511,459,3507,1,0.0,1,1,1,1,0,1,1,0,1,1200.0,skip
460,1,1,1,1,0,1,0,1,1,1,1,1,1,0,1,0,1,1,0,0,1,,512,460,3514,2,0.0,1,1,1,0,1,0,1,0,1,1160.0,skip
461,1,1,1,1,1,1,0,1,1,1,1,1,1,1,1,0,1,1,0,1,0,,513,461,3522,2,0.0,1,1,1,1,0,1,1,0,1,1180.0,skip
462,1,1,1,1,0,1,0,1,1,1,1,1,1,0,1,0,1,1,0,0,1,,514,462,3529,2,0.0,1,1,1,0,1,0,1,0,1,240.0,shorten
463,1,1,1,1,1,1,0,1,1,1,1,1,1,1,1,0,1,1,0,1,0,,515,463,3537,2,0.0,1,1,1,1,0,1,1,0,1,220.0,shorten
464,1,1,1,1,1,1,1,1,1,1,1,1,1,1,1,1,1,1,1,0,0,Inserted_Activity_resource,516,464,3546,2,20.0,1,1,1,1,0,1,1,1,1,1160.0,skip
465,1,1,1,1,1,1,0,1,1,1,1,1,1,1,1,0,1,1,0,1,0,,517,465,3554,2,0.0,1,1,1,1,0,1,1,0,1,240.0,shorten
466,1,1,1,1,0,1,0,1,1,1,1,1,1,0,1,0,1,1,0,0,1,,518,466,3561,2,0.0,1,1,1,0,1,0,1,0,1,260.0,skip
467,1,1,1,1,1,1,0,1,1,1,1,1,1,1,1,0,1,1,0,1,0,,519,467,3569,2,0.0,1,1,1,1,0,1,1,0,1,220.0,shorten
468,1,1,1,1,1,1,0,1,1,1,1,1,1,1,1,0,1,1,0,1,0,,52,468,3577,3,0.0,1,1,1,1,0,1,1,0,1,200.0,insert
469,1,1,1,1,1,1,0,1,1,1,1,1,1,1,1,0,1,1,0,1,0,,520,469,3585,2,0.0,1,1,1,1,0,1,1,0,1,220.0,shorten
470,1,1,1,1,1,1,0,1,1,1,1,1,1,1,1,0,1,1,0,1,0,,521,470,3593,2,0.0,1,1,1,1,0,1,1,0,1,260.0,skip
471,1,1,1,1,1,1,0,1,1,1,1,1,1,1,1,0,1,1,0,1,0,,522,471,3601,2,0.0,1,1,1,1,0,1,1,0,1,240.0,shorten
472,1,1,1,1,0,1,0,1,1,1,1,1,1,0,1,0,1,1,0,0,1,,523,472,3608,3,0.0,1,1,1,0,1,0,1,0,1,200.0,shorten
473,1,1,1,1,0,1,0,1,1,1,1,1,1,0,1,0,1,1,0,0,1,,524,473,3615,3,0.0,1,1,1,0,1,0,1,0,1,220.0,shorten
474,1,1,1,1,0,1,0,1,1,1,1,1,1,0,1,0,1,1,0,0,1,,525,474,3622,3,0.0,1,1,1,0,1,0,1,0,1,240.0,shorten
475,1,1,1,1,0,1,0,1,1,1,1,1,1,0,1,0,1,1,0,0,1,,526,475,3629,2,0.0,1,1,1,0,1,0,1,0,1,4060.0,skip
476,1,1,1,1,1,1,0,1,1,1,1,1,1,1,1,0,1,1,0,1,0,,527,476,3637,2,0.0,1,1,1,1,0,1,1,0,1,4040.0,skip
477,1,1,1,1,0,1,0,1,1,1,1,1,1,0,1,0,1,1,0,0,1,,528,477,3644,3,0.0,1,1,1,0,1,0,1,0,1,4080.0,skip
478,1,1,1,1,1,1,0,1,1,1,1,1,1,1,1,0,1,1,0,1,0,,529,478,3652,3,0.0,1,1,1,1,0,1,1,0,1,260.0,skip
479,1,1,1,1,1,1,0,1,1,1,1,1,1,1,1,0,1,1,0,1,0,,53,479,3660,3,0.0,1,1,1,1,0,1,1,0,1,220.0,shorten
480,1,1,1,1,0,1,0,1,1,1,1,1,1,0,1,0,1,1,0,0,1,,530,480,3667,3,0.0,1,1,1,0,1,0,1,0,1,4020.0,skip
481,1,1,1,1,1,1,0,1,1,1,1,1,1,1,1,0,1,1,0,1,0,,531,481,3675,3,0.0,1,1,1,1,0,1,1,0,1,220.0,shorten
482,1,1,1,1,1,1,0,1,1,1,1,1,1,1,1,0,1,1,0,1,0,,532,482,3683,3,0.0,1,1,1,1,0,1,1,0,1,260.0,skip
483,1,1,1,1,1,1,0,1,1,1,1,1,1,1,1,0,1,1,0,1,0,,533,483,3691,3,0.0,1,1,1,1,0,1,1,0,1,240.0,shorten
484,1,1,1,1,1,1,0,1,1,1,1,1,1,1,1,0,1,1,0,1,0,,534,484,3699,3,0.0,1,1,1,1,0,1,1,0,1,200.0,shorten
485,1,1,1,1,1,1,0,1,1,1,1,1,1,1,1,0,1,1,0,1,0,,535,485,3707,3,0.0,1,1,1,1,0,1,1,0,1,220.0,shorten
486,1,1,1,1,1,1,0,1,1,1,1,1,1,1,1,0,1,1,0,1,0,,536,486,3715,3,0.0,1,1,1,1,0,1,1,0,1,240.0,shorten
487,1,1,1,1,1,1,0,1,1,1,1,1,1,1,1,0,1,1,0,1,0,,537,487,3723,3,0.0,1,1,1,1,0,1,1,0,1,220.0,shorten
488,1,1,1,1,0,1,0,1,1,1,1,1,1,0,1,0,1,1,0,0,1,,538,488,3730,3,0.0,1,1,1,0,1,0,1,0,1,200.0,shorten
489,1,1,1,1,0,1,0,1,1,1,1,1,1,0,1,0,1,1,0,0,1,,539,489,3737,4,0.0,1,1,1,0,1,0,1,0,1,240.0,shorten
490,1,1,1,1,1,1,0,1,1,1,1,1,1,1,1,0,1,1,0,1,0,,54,490,3745,3,0.0,1,1,1,1,0,1,1,0,1,260.0,skip
491,1,1,1,1,0,1,0,1,1,1,1,1,1,0,1,0,1,1,0,0,1,,540,491,3752,4,0.0,1,1,1,0,1,0,1,0,1,1180.0,skip
492,1,1,1,1,0,1,0,1,1,1,1,1,1,0,1,0,1,1,0,0,1,,541,492,3759,4,0.0,1,1,1,0,1,0,1,0,1,1140.0,skip
493,1,1,1,1,0,1,0,1,1,1,1,1,1,0,1,0,1,1,0,0,1,,542,493,3766,3,0.0,1,1,1,0,1,0,1,0,1,1180.0,skip
494,1,1,1,1,1,1,0,1,1,1,1,1,1,1,1,0,1,1,0,1,0,,543,494,3774,3,0.0,1,1,1,1,0,1,1,0,1,260.0,skip
495,1,1,1,1,0,1,0,1,1,1,1,1,1,0,1,0,1,1,0,0,1,,544,495,3781,4,0.0,1,1,1,0,1,0,1,0,1,240.0,shorten
496,1,1,1,1,1,1,0,1,1,1,1,1,1,1,1,0,1,1,0,1,0,,545,496,3789,4,0.0,1,1,1,1,0,1,1,0,1,1160.0,skip
497,1,1,1,1,1,1,0,1,1,1,1,1,1,1,1,0,1,1,0,1,0,,546,497,3797,4,0.0,1,1,1,1,0,1,1,0,1,220.0,shorten
498,1,1,1,1,1,1,0,1,1,1,1,1,1,1,1,0,1,1,0,1,0,,547,498,3805,4,0.0,1,1,1,1,0,1,1,0,1,240.0,shorten
499,1,1,1,1,1,1,0,1,1,1,1,1,1,1,1,0,1,1,0,1,0,,548,499,3813,4,0.0,1,1,1,1,0,1,1,0,1,220.0,shorten
500,1,1,1,1,1,1,0,1,1,1,1,1,1,1,1,0,1,1,0,1,0,,549,500,3821,4,0.0,1,1,1,1,0,1,1,0,1,200.0,shorten
501,1,1,1,1,1,1,0,1,1,1,1,1,1,1,1,0,1,1,0,1,0,,55,501,3829,3,0.0,1,1,1,1,0,1,1,0,1,240.0,shorten
502,1,1,1,1,0,1,0,1,1,1,1,1,1,0,1,0,1,1,0,0,1,,550,502,3836,4,0.0,1,1,1,0,1,0,1,0,1,260.0,skip
503,1,1,1,1,1,1,0,1,1,1,1,1,1,1,1,0,1,1,0,1,0,,551,503,3844,4,0.0,1,1,1,1,0,1,1,0,1,220.0,shorten
504,1,1,1,1,1,1,1,1,1,1,1,1,1,1,1,1,1,1,1,0,0,Inserted_Activity_resource,552,504,3853,4,20.0,1,1,1,1,0,1,1,1,1,200.0,insert
505,1,1,1,1,1,1,0,1,1,1,1,1,1,1,1,0,1,1,0,1,0,,553,505,3861,4,0.0,1,1,1,1,0,1,1,0,1,220.0,shorten
506,1,1,1,1,0,1,0,1,1,1,1,1,1,0,1,0,1,1,0,0,1,,554,506,3868,4,0.0,1,1,1,0,1,0,1,0,1,260.0,skip
507,1,1,1,1,0,1,0,1,1,1,1,1,1,0,1,0,1,1,0,0,1,,555,507,3875,0,0.0,1,1,1,0,1,0,1,0,1,1200.0,skip
508,1,1,1,1,0,1,0,1,1,1,1,1,1,0,1,0,1,1,0,0,1,,556,508,3882,0,0.0,1,1,1,0,1,0,1,0,1,1160.0,skip
509,1,1,1,1,0,1,0,1,1,1,1,1,1,0,1,0,1,1,0,0,1,,557,509,3889,0,0.0,1,1,1,0,1,0,1,0,1,1180.0,skip
510,1,1,1,1,1,1,0,1,1,1,1,1,1,1,1,0,1,1,0,1,0,,558,510,3897,4,0.0,1,1,1,1,0,1,1,0,1,240.0,shorten
511,1,1,1,1,1,1,0,1,1,1,1,1,1,1,1,0,1,1,0,1,0,,559,511,3905,4,0.0,1,1,1,1,0,1,1,0,1,220.0,shorten
512,1,1,1,1,1,1,0,1,1,1,1,1,1,1,1,0,1,1,0,1,0,,56,512,3913,3,0.0,1,1,1,1,0,1,1,0,1,1160.0,skip
513,1,1,1,1,0,1,0,1,1,1,1,1,1,0,1,0,1,1,0,0,1,,560,513,3920,0,0.0,1,1,1,0,1,0,1,0,1,240.0,shorten
514,1,1,1,1,1,1,0,1,1,1,1,1,1,1,1,0,1,1,0,1,0,,561,514,3928,0,0.0,1,1,1,1,0,1,1,0,1,260.0,skip
515,1,1,1,1,0,1,0,1,1,1,1,1,1,0,1,0,1,1,0,0,1,,562,515,3935,0,0.0,1,1,1,0,1,0,1,0,1,220.0,shorten
516,1,1,1,1,1,1,0,1,1,1,1,1,1,1,1,0,1,1,0,1,0,,563,516,3943,0,0.0,1,1,1,1,0,1,1,0,1,200.0,insert
517,1,1,1,1,1,1,1,1,1,1,1,1,1,1,1,1,1,1,1,0,0,Inserted_Activity_resource,564,517,3952,0,20.0,1,1,1,1,0,1,1,1,1,220.0,shorten
518,1,1,1,1,1,1,0,1,1,1,1,1,1,1,1,0,1,1,0,1,0,,565,518,3960,0,0.0,1,1,1,1,0,1,1,0,1,260.0,skip
519,1,1,1,1,0,1,0,1,1,1,1,1,1,0,1,0,1,1,0,0,1,,566,519,3967,0,0.0,1,1,1,0,1,0,1,0,1,240.0,shorten
520,1,1,1,1,1,1,0,1,1,1,1,1,1,1,1,0,1,1,0,1,0,,567,520,3975,0,0.0,1,1,1,1,0,1,1,0,1,200.0,shorten
521,1,1,1,1,1,1,0,1,1,1,1,1,1,1,1,0,1,1,0,1,0,,568,521,3983,0,0.0,1,1,1,1,0,1,1,0,1,220.0,shorten
522,1,1,1,1,1,1,0,1,1,1,1,1,1,1,1,0,1,1,0,1,0,,569,522,3991,0,0.0,1,1,1,1,0,1,1,0,1,240.0,shorten
523,1,1,1,1,1,1,0,1,1,1,1,1,1,1,1,0,1,1,0,1,0,,57,523,3999,3,0.0,1,1,1,1,0,1,1,0,1,1180.0,skip
524,1,1,1,1,1,1,0,1,1,1,1,1,1,1,1,0,1,1,0,1,0,,570,524,4007,0,0.0,1,1,1,1,0,1,1,0,1,1160.0,skip
525,1,1,1,1,0,1,0,1,1,1,1,1,1,0,1,0,1,1,0,0,1,,571,525,4014,1,0.0,1,1,1,0,1,0,1,0,1,1200.0,skip
526,1,1,1,1,0,1,0,1,1,1,1,1,1,0,1,0,1,1,0,0,1,,572,526,4021,1,0.0,1,1,1,0,1,0,1,0,1,260.0,skip
527,1,1,1,1,0,1,0,1,1,1,1,1,1,0,1,0,1,1,0,0,1,,573,527,4028,1,0.0,1,1,1,0,1,0,1,0,1,220.0,shorten
528,1,1,1,1,0,1,0,1,1,1,1,1,1,0,1,0,1,1,0,0,1,,574,528,4035,0,0.0,1,1,1,0,1,0,1,0,1,1140.0,skip
529,1,1,1,1,1,1,0,1,1,1,1,1,1,1,1,0,1,1,0,1,0,,575,529,4043,0,0.0,1,1,1,1,0,1,1,0,1,220.0,shorten
530,1,1,1,1,0,1,0,1,1,1,1,1,1,0,1,0,1,1,0,0,1,,576,530,4050,1,0.0,1,1,1,0,1,0,1,0,1,260.0,skip
531,1,1,1,1,1,1,0,1,1,1,1,1,1,1,1,0,1,1,0,1,0,,577,531,4058,1,0.0,1,1,1,1,0,1,1,0,1,240.0,shorten
532,1,1,1,1,0,1,0,1,1,1,1,1,1,0,1,0,1,1,0,0,1,,578,532,4065,1,0.0,1,1,1,0,1,0,1,0,1,200.0,shorten
533,1,1,1,1,1,1,0,1,1,1,1,1,1,1,1,0,1,1,0,1,0,,579,533,4073,1,0.0,1,1,1,1,0,1,1,0,1,220.0,shorten
534,1,1,1,1,0,1,0,1,1,1,1,1,1,0,1,0,1,1,0,0,1,,58,534,4080,3,0.0,1,1,1,0,1,0,1,0,1,240.0,shorten
535,1,1,1,1,1,1,0,1,1,1,1,1,1,1,1,0,1,1,0,1,0,,580,535,4088,1,0.0,1,1,1,1,0,1,1,0,1,220.0,shorten
536,1,1,1,1,1,1,0,1,1,1,1,1,1,1,1,0,1,1,0,1,0,,581,536,4096,1,0.0,1,1,1,1,0,1,1,0,1,200.0,shorten
537,1,1,1,1,1,1,0,1,1,1,1,1,1,1,1,0,1,1,0,1,0,,582,537,4104,1,0.0,1,1,1,1,0,1,1,0,1,240.0,shorten
538,1,1,1,1,1,1,0,1,1,1,1,1,1,1,1,0,1,1,0,1,0,,583,538,4112,1,0.0,1,1,1,1,0,1,1,0,1,260.0,skip
539,1,1,1,1,1,1,0,1,1,1,1,1,1,1,1,0,1,1,0,1,0,,584,539,4120,1,0.0,1,1,1,1,0,1,1,0,1,1180.0,skip
540,1,1,1,1,1,1,0,1,1,1,1,1,1,1,1,0,1,1,0,1,0,,585,540,4128,1,0.0,1,1,1,1,0,1,1,0,1,1140.0,skip
541,1,1,1,1,0,1,0,1,1,1,1,1,1,0,1,0,1,1,0,0,1,,586,541,4135,1,0.0,1,1,1,0,1,0,1,0,1,1180.0,skip
542,1,1,1,1,0,1,0,1,1,1,1,1,1,0,1,0,1,1,0,0,1,,587,542,4142,2,0.0,1,1,1,0,1,0,1,0,1,260.0,skip
543,1,1,1,1,0,1,0,1,1,1,1,1,1,0,1,0,1,1,0,0,1,,588,543,4149,2,0.0,1,1,1,0,1,0,1,0,1,240.0,shorten
544,1,1,1,1,0,1,0,1,1,1,1,1,1,0,1,0,1,1,0,0,1,,589,544,4156,2,0.0,1,1,1,0,1,0,1,0,1,1160.0,skip
545,1,1,1,1,0,1,0,1,1,1,1,1,1,0,1,0,1,1,0,0,1,,59,545,4163,4,0.0,1,1,1,0,1,0,1,0,1,220.0,shorten
546,1,1,1,1,0,1,0,1,1,1,1,1,1,0,1,0,1,1,0,0,1,,590,546,4170,1,0.0,1,1,1,0,1,0,1,0,1,240.0,shorten
547,1,1,1,1,1,1,0,1,1,1,1,1,1,1,1,0,1,1,0,1,0,,591,547,4178,1,0.0,1,1,1,1,0,1,1,0,1,220.0,shorten
548,1,1,1,1,0,1,0,1,1,1,1,1,1,0,1,0,1,1,0,0,1,,592,548,4185,2,0.0,1,1,1,0,1,0,1,0,1,200.0,shorten
549,1,1,1,1,1,1,0,1,1,1,1,1,1,1,1,0,1,1,0,1,0,,593,549,4193,2,0.0,1,1,1,1,0,1,1,0,1,240.0,shorten
550,1,1,1,1,1,1,0,1,1,1,1,1,1,1,1,0,1,1,0,1,0,,594,550,4201,2,0.0,1,1,1,1,0,1,1,0,1,260.0,skip
551,1,1,1,1,1,1,0,1,1,1,1,1,1,1,1,0,1,1,0,1,0,,595,551,4209,2,0.0,1,1,1,1,0,1,1,0,1,220.0,shorten
552,1,1,1,1,1,1,0,1,1,1,1,1,1,1,1,0,1,1,0,1,0,,596,552,4217,2,0.0,1,1,1,1,0,1,1,0,1,200.0,insert
553,1,1,1,1,1,1,0,1,1,1,1,1,1,1,1,0,1,1,0,1,0,,597,553,4225,2,0.0,1,1,1,1,0,1,1,0,1,220.0,shorten
554,1,1,1,1,0,1,0,1,1,1,1,1,1,0,1,0,1,1,0,0,1,,598,554,4232,2,0.0,1,1,1,0,1,0,1,0,1,260.0,skip
555,1,1,1,1,1,1,0,1,1,1,1,1,1,1,1,0,1,1,0,1,0,,599,555,4240,2,0.0,1,1,1,1,0,1,1,0,1,4080.0,skip
556,1,1,1,1,1,1,0,1,1,1,1,1,1,1,1,0,1,1,0,1,0,,6,556,4248,0,0.0,1,1,1,1,0,1,1,0,1,4040.0,skip
557,1,1,1,1,0,1,0,1,1,1,1,1,1,0,1,0,1,1,0,0,1,,60,557,4255,4,0.0,1,1,1,0,1,0,1,0,1,4060.0,skip
558,1,1,1,1,1,1,1,1,1,1,1,1,1,1,1,1,1,1,1,0,0,Inserted_Activity_resource,600,558,4264,2,20.0,1,1,1,1,0,1,1,1,1,240.0,shorten
559,1,1,1,1,1,1,0,1,1,1,1,1,1,1,1,0,1,1,0,1,0,,601,559,4272,2,0.0,1,1,1,1,0,1,1,0,1,220.0,shorten
560,1,1,1,1,0,1,0,1,1,1,1,1,1,0,1,0,1,1,0,0,1,,602,560,4279,2,0.0,1,1,1,0,1,0,1,0,1,4040.0,skip
561,1,1,1,1,0,1,0,1,1,1,1,1,1,0,1,0,1,1,0,0,1,,603,561,4286,3,0.0,1,1,1,0,1,0,1,0,1,240.0,shorten
562,1,1,1,1,0,1,0,1,1,1,1,1,1,0,1,0,1,1,0,0,1,,604,562,4293,3,0.0,1,1,1,0,1,0,1,0,1,260.0,skip
563,1,1,1,1,0,1,0,1,1,1,1,1,1,0,1,0,1,1,0,0,1,,605,563,4300,3,0.0,1,1,1,0,1,0,1,0,1,220.0,shorten
564,1,1,1,1,1,1,0,1,1,1,1,1,1,1,1,0,1,1,0,1,0,,606,564,4308,2,0.0,1,1,1,1,0,1,1,0,1,200.0,insert
565,1,1,1,1,1,1,0,1,1,1,1,1,1,1,1,0,1,1,0,1,0,,607,565,4316,2,0.0,1,1,1,1,0,1,1,0,1,220.0,shorten
566,1,1,1,1,0,1,0,1,1,1,1,1,1,0,1,0,1,1,0,0,1,,608,566,4323,3,0.0,1,1,1,0,1,0,1,0,1,260.0,skip
567,1,1,1,1,1,1,0,1,1,1,1,1,1,1,1,0,1,1,0,1,0,,609,567,4331,3,0.0,1,1,1,1,0,1,1,0,1,240.0,shorten
568,1,1,1,1,0,1,0,1,1,1,1,1,1,0,1,0,1,1,0,0,1,,61,568,4338,4,0.0,1,1,1,0,1,0,1,0,1,200.0,shorten
569,1,1,1,1,0,1,0,1,1,1,1,1,1,0,1,0,1,1,0,0,1,,610,569,4345,3,0.0,1,1,1,0,1,0,1,0,1,220.0,shorten
570,1,1,1,1,1,1,0,1,1,1,1,1,1,1,1,0,1,1,0,1,0,,611,570,4353,3,0.0,1,1,1,1,0,1,1,0,1,240.0,shorten
571,1,1,1,1,1,1,1,1,1,1,1,1,1,1,1,1,1,1,1,0,0,Inserted_Activity_resource,612,571,4362,3,20.0,1,1,1,1,0,1,1,1,1,1180.0,skip
572,1,1,1,1,1,1,0,1,1,1,1,1,1,1,1,0,1,1,0,1,0,,613,572,4370,3,0.0,1,1,1,1,0,1,1,0,1,1160.0,skip
573,1,1,1,1,0,1,0,1,1,1,1,1,1,0,1,0,1,1,0,0,1,,614,573,4377,3,0.0,1,1,1,0,1,0,1,0,1,1200.0,skip
574,1,1,1,1,1,1,0,1,1,1,1,1,1,1,1,0,1,1,0,1,0,,615,574,4385,3,0.0,1,1,1,1,0,1,1,0,1,260.0,skip
575,1,1,1,1,1,1,0,1,1,1,1,1,1,1,1,0,1,1,0,1,0,,616,575,4393,3,0.0,1,1,1,1,0,1,1,0,1,220.0,shorten
576,1,1,1,1,1,1,0,1,1,1,1,1,1,1,1,0,1,1,0,1,0,,617,576,4401,3,0.0,1,1,1,1,0,1,1,0,1,1140.0,skip
577,1,1,1,1,1,1,0,1,1,1,1,1,1,1,1,0,1,1,0,1,0,,618,577,4409,3,0.0,1,1,1,1,0,1,1,0,1,220.0,shorten
578,1,1,1,1,0,1,0,1,1,1,1,1,1,0,1,0,1,1,0,0,1,,619,578,4416,4,0.0,1,1,1,0,1,0,1,0,1,260.0,skip
579,1,1,1,1,0,1,0,1,1,1,1,1,1,0,1,0,1,1,0,0,1,,62,579,4423,3,0.0,1,1,1,0,1,0,1,0,1,240.0,shorten
580,1,1,1,1,0,1,0,1,1,1,1,1,1,0,1,0,1,1,0,0,1,,620,580,4430,4,0.0,1,1,1,0,1,0,1,0,1,200.0,shorten
581,1,1,1,1,0,1,0,1,1,1,1,1,1,0,1,0,1,1,0,0,1,,621,581,4437,4,0.0,1,1,1,0,1,0,1,0,1,220.0,shorten
582,1,1,1,1,0,1,0,1,1,1,1,1,1,0,1,0,1,1,0,0,1,,622,582,4444,3,0.0,1,1,1,0,1,0,1,0,1,240.0,shorten
583,1,1,1,1,1,1,0,1,1,1,1,1,1,1,1,0,1,1,0,1,0,,623,583,4452,3,0.0,1,1,1,1,0,1,1,0,1,220.0,shorten
584,1,1,1,1,0,1,0,1,1,1,1,1,1,0,1,0,1,1,0,0,1,,624,584,4459,4,0.0,1,1,1,0,1,0,1,0,1,200.0,shorten
585,1,1,1,1,1,1,0,1,1,1,1,1,1,1,1,0,1,1,0,1,0,,625,585,4467,4,0.0,1,1,1,1,0,1,1,0,1,240.0,shorten
586,1,1,1,1,0,1,0,1,1,1,1,1,1,0,1,0,1,1,0,0,1,,626,586,4474,4,0.0,1,1,1,0,1,0,1,0,1,260.0,skip
587,1,1,1,1,1,1,0,1,1,1,1,1,1,1,1,0,1,1,0,1,0,,627,587,4482,4,0.0,1,1,1,1,0,1,1,0,1,1180.0,skip
588,1,1,1,1,1,1,0,1,1,1,1,1,1,1,1,0,1,1,0,1,0,,628,588,4490,4,0.0,1,1,1,1,0,1,1,0,1,1140.0,skip
589,1,1,1,1,1,1,0,1,1,1,1,1,1,1,1,0,1,1,0,1,0,,629,589,4498,4,0.0,1,1,1,1,0,1,1,0,1,1180.0,skip
590,1,1,1,1,1,1,0,1,1,1,1,1,1,1,1,0,1,1,0,1,0,,63,590,4506,3,0.0,1,1,1,1,0,1,1,0,1,260.0,skip
591,1,1,1,1,1,1,0,1,1,1,1,1,1,1,1,0,1,1,0,1,0,,630,591,4514,4,0.0,1,1,1,1,0,1,1,0,1,240.0,shorten
592,1,1,1,1,1,1,0,1,1,1,1,1,1,1,1,0,1,1,0,1,0,,631,592,4522,4,0.0,1,1,1,1,0,1,1,0,1,1160.0,skip
593,1,1,1,1,1,1,0,1,1,1,1,1,1,1,1,0,1,1,0,1,0,,632,593,4530,4,0.0,1,1,1,1,0,1,1,0,1,220.0,shorten
594,1,1,1,1,1,1,0,1,1,1,1,1,1,1,1,0,1,1,0,1,0,,633,594,4538,4,0.0,1,1,1,1,0,1,1,0,1,240.0,shorten
595,1,1,1,1,0,1,0,1,1,1,1,1,1,0,1,0,1,1,0,0,1,,634,595,4545,4,0.0,1,1,1,0,1,0,1,0,1,220.0,shorten
596,1,1,1,1,0,1,0,1,1,1,1,1,1,0,1,0,1,1,0,0,1,,635,596,4552,0,0.0,1,1,1,0,1,0,1,0,1,200.0,shorten
597,1,1,1,1,0,1,0,1,1,1,1,1,1,0,1,0,1,1,0,0,1,,636,597,4559,0,0.0,1,1,1,0,1,0,1,0,1,240.0,shorten
598,1,1,1,1,0,1,0,1,1,1,1,1,1,0,1,0,1,1,0,0,1,,637,598,4566,0,0.0,1,1,1,0,1,0,1,0,1,260.0,skip
599,1,1,1,1,0,1,0,1,1,1,1,1,1,0,1,0,1,1,0,0,1,,638,599,4573,4,0.0,1,1,1,0,1,0,1,0,1,220.0,shorten
600,1,1,1,1,1,1,0,1,1,1,1,1,1,1,1,0,1,1,0,1,0,,639,600,4581,4,0.0,1,1,1,1,0,1,1,0,1,200.0,insert
601,1,1,1,1,0,1,0,1,1,1,1,1,1,0,1,0,1,1,0,0,1,,64,601,4588,4,0.0,1,1,1,0,1,0,1,0,1,220.0,shorten
602,1,1,1,1,0,1,0,1,1,1,1,1,1,0,1,0,1,1,0,0,1,,640,602,4595,0,0.0,1,1,1,0,1,0,1,0,1,260.0,skip
603,1,1,1,1,1,1,0,1,1,1,1,1,1,1,1,0,1,1,0,1,0,,641,603,4603,0,0.0,1,1,1,1,0,1,1,0,1,1200.0,skip
604,1,1,1,1,1,1,0,1,1,1,1,1,1,1,1,0,1,1,0,1,0,,642,604,4611,0,0.0,1,1,1,1,0,1,1,0,1,1160.0,skip
605,1,1,1,1,1,1,0,1,1,1,1,1,1,1,1,0,1,1,0,1,0,,643,605,4619,0,0.0,1,1,1,1,0,1,1,0,1,1180.0,skip
606,1,1,1,1,1,1,0,1,1,1,1,1,1,1,1,0,1,1,0,1,0,,644,606,4627,0,0.0,1,1,1,1,0,1,1,0,1,240.0,shorten
607,1,1,1,1,1,1,0,1,1,1,1,1,1,1,1,0,1,1,0,1,0,,645,607,4635,0,0.0,1,1,1,1,0,1,1,0,1,220.0,shorten
608,1,1,1,1,0,1,0,1,1,1,1,1,1,0,1,0,1,1,0,0,1,,646,608,4642,0,0.0,1,1,1,0,1,0,1,0,1,1160.0,skip
609,1,1,1,1,1,1,0,1,1,1,1,1,1,1,1,0,1,1,0,1,0,,647,609,4650,0,0.0,1,1,1,1,0,1,1,0,1,240.0,shorten
610,1,1,1,1,1,1,1,1,1,1,1,1,1,1,1,1,1,1,1,0,0,Inserted_Activity_resource,648,610,4659,0,20.0,1,1,1,1,0,1,1,1,1,260.0,skip
611,1,1,1,1,1,1,0,1,1,1,1,1,1,1,1,0,1,1,0,1,0,,649,611,4667,0,0.0,1,1,1,1,0,1,1,0,1,220.0,shorten
612,1,1,1,1,1,1,0,1,1,1,1,1,1,1,1,0,1,1,0,1,0,,65,612,4675,4,0.0,1,1,1,1,0,1,1,0,1,200.0,insert
613,1,1,1,1,0,1,0,1,1,1,1,1,1,0,1,0,1,1,0,0,1,,650,613,4682,0,0.0,1,1,1,0,1,0,1,0,1,220.0,shorten
614,1,1,1,1,0,1,0,1,1,1,1,1,1,0,1,0,1,1,0,0,1,,651,614,4689,1,0.0,1,1,1,0,1,0,1,0,1,260.0,skip
615,1,1,1,1,0,1,0,1,1,1,1,1,1,0,1,0,1,1,0,0,1,,652,615,4696,1,0.0,1,1,1,0,1,0,1,0,1,240.0,shorten
616,1,1,1,1,0,1,0,1,1,1,1,1,1,0,1,0,1,1,0,0,1,,653,616,4703,1,0.0,1,1,1,0,1,0,1,0,1,200.0,shorten
617,1,1,1,1,1,1,0,1,1,1,1,1,1,1,1,0,1,1,0,1,0,,654,617,4711,0,0.0,1,1,1,1,0,1,1,0,1,220.0,shorten
618,1,1,1,1,1,1,0,1,1,1,1,1,1,1,1,0,1,1,0,1,0,,655,618,4719,0,0.0,1,1,1,1,0,1,1,0,1,240.0,shorten
619,1,1,1,1,0,1,0,1,1,1,1,1,1,0,1,0,1,1,0,0,1,,656,619,4726,1,0.0,1,1,1,0,1,0,1,0,1,1180.0,skip
620,1,1,1,1,1,1,0,1,1,1,1,1,1,1,1,0,1,1,0,1,0,,657,620,4734,1,0.0,1,1,1,1,0,1,1,0,1,1160.0,skip
621,1,1,1,1,0,1,0,1,1,1,1,1,1,0,1,0,1,1,0,0,1,,658,621,4741,1,0.0,1,1,1,0,1,0,1,0,1,1200.0,skip
622,1,1,1,1,1,1,0,1,1,1,1,1,1,1,1,0,1,1,0,1,0,,659,622,4749,1,0.0,1,1,1,1,0,1,1,0,1,260.0,skip
623,1,1,1,1,1,1,0,1,1,1,1,1,1,1,1,0,1,1,0,1,0,,66,623,4757,4,0.0,1,1,1,1,0,1,1,0,1,220.0,shorten
624,1,1,1,1,1,1,1,1,1,1,1,1,1,1,1,1,1,1,1,0,0,Inserted_Activity_resource,660,624,4766,1,20.0,1,1,1,1,0,1,1,1,1,1140.0,skip
625,1,1,1,1,1,1,0,1,1,1,1,1,1,1,1,0,1,1,0,1,0,,661,625,4774,1,0.0,1,1,1,1,0,1,1,0,1,220.0,shorten
626,1,1,1,1,0,1,0,1,1,1,1,1,1,0,1,0,1,1,0,0,1,,662,626,4781,1,0.0,1,1,1,0,1,0,1,0,1,260.0,skip
627,1,1,1,1,1,1,0,1,1,1,1,1,1,1,1,0,1,1,0,1,0,,663,627,4789,1,0.0,1,1,1,1,0,1,1,0,1,240.0,shorten
628,1,1,1,1,1,1,0,1,1,1,1,1,1,1,1,0,1,1,0,1,0,,664,628,4797,1,0.0,1,1,1,1,0,1,1,0,1,200.0,shorten
629,1,1,1,1,1,1,0,1,1,1,1,1,1,1,1,0,1,1,0,1,0,,665,629,4805,1,0.0,1,1,1,1,0,1,1,0,1,220.0,shorten
630,1,1,1,1,1,1,0,1,1,1,1,1,1,1,1,0,1,1,0,1,0,,666,630,4813,1,0.0,1,1,1,1,0,1,1,0,1,240.0,shorten
631,1,1,1,1,0,1,0,1,1,1,1,1,1,0,1,0,1,1,0,0,1,,667,631,4820,2,0.0,1,1,1,0,1,0,1,0,1,220.0,shorten
632,1,1,1,1,0,1,0,1,1,1,1,1,1,0,1,0,1,1,0,0,1,,668,632,4827,2,0.0,1,1,1,0,1,0,1,0,1,200.0,shorten
633,1,1,1,1,0,1,0,1,1,1,1,1,1,0,1,0,1,1,0,0,1,,669,633,4834,2,0.0,1,1,1,0,1,0,1,0,1,240.0,shorten
634,1,1,1,1,1,1,0,1,1,1,1,1,1,1,1,0,1,1,0,1,0,,67,634,4842,4,0.0,1,1,1,1,0,1,1,0,1,260.0,skip
635,1,1,1,1,0,1,0,1,1,1,1,1,1,0,1,0,1,1,0,0,1,,670,635,4849,1,0.0,1,1,1,0,1,0,1,0,1,4060.0,skip
636,1,1,1,1,1,1,0,1,1,1,1,1,1,1,1,0,1,1,0,1,0,,671,636,4857,1,0.0,1,1,1,1,0,1,1,0,1,4020.0,skip
637,1,1,1,1,0,1,0,1,1,1,1,1,1,0,1,0,1,1,0,0,1,,672,637,4864,2,0.0,1,1,1,0,1,0,1,0,1,4060.0,skip
638,1,1,1,1,1,1,0,1,1,1,1,1,1,1,1,0,1,1,0,1,0,,673,638,4872,2,0.0,1,1,1,1,0,1,1,0,1,260.0,skip
639,1,1,1,1,0,1,0,1,1,1,1,1,1,0,1,0,1,1,0,0,1,,674,639,4879,2,0.0,1,1,1,0,1,0,1,0,1,240.0,shorten
640,1,1,1,1,1,1,0,1,1,1,1,1,1,1,1,0,1,1,0,1,0,,675,640,4887,2,0.0,1,1,1,1,0,1,1,0,1,4040.0,skip
641,1,1,1,1,1,1,0,1,1,1,1,1,1,1,1,0,1,1,0,1,0,,676,641,4895,2,0.0,1,1,1,1,0,1,1,0,1,220.0,shorten
642,1,1,1,1,1,1,0,1,1,1,1,1,1,1,1,0,1,1,0,1,0,,677,642,4903,2,0.0,1,1,1,1,0,1,1,0,1,240.0,shorten
643,1,1,1,1,1,1,0,1,1,1,1,1,1,1,1,0,1,1,0,1,0,,678,643,4911,2,0.0,1,1,1,1,0,1,1,0,1,220.0,shorten
644,1,1,1,1,1,1,0,1,1,1,1,1,1,1,1,0,1,1,0,1,0,,679,644,4919,2,0.0,1,1,1,1,0,1,1,0,1,200.0,shorten
645,1,1,1,1,1,1,0,1,1,1,1,1,1,1,1,0,1,1,0,1,0,,68,645,4927,4,0.0,1,1,1,1,0,1,1,0,1,240.0,shorten
646,1,1,1,1,1,1,0,1,1,1,1,1,1,1,1,0,1,1,0,1,0,,680,646,4935,2,0.0,1,1,1,1,0,1,1,0,1,260.0,skip
647,1,1,1,1,1,1,0,1,1,1,1,1,1,1,1,0,1,1,0,1,0,,681,647,4943,2,0.0,1,1,1,1,0,1,1,0,1,220.0,shorten
648,1,1,1,1,0,1,0,1,1,1,1,1,1,0,1,0,1,1,0,0,1,,682,648,4950,2,0.0,1,1,1,0,1,0,1,0,1,200.0,insert
649,1,1,1,1,0,1,0,1,1,1,1,1,1,0,1,0,1,1,0,0,1,,683,649,4957,3,0.0,1,1,1,0,1,0,1,0,1,220.0,shorten
650,1,1,1,1,0,1,0,1,1,1,1,1,1,0,1,0,1,1,0,0,1,,684,650,4964,3,0.0,1,1,1,0,1,0,1,0,1,260.0,skip
651,1,1,1,1,0,1,0,1,1,1,1,1,1,0,1,0,1,1,0,0,1,,685,651,4971,3,0.0,1,1,1,0,1,0,1,0,1,1200.0,skip
652,1,1,1,1,0,1,0,1,1,1,1,1,1,0,1,0,1,1,0,0,1,,686,652,4978,2,0.0,1,1,1,0,1,0,1,0,1,1160.0,skip
653,1,1,1,1,1,1,0,1,1,1,1,1,1,1,1,0,1,1,0,1,0,,687,653,4986,2,0.0,1,1,1,1,0,1,1,0,1,1180.0,skip
654,1,1,1,1,0,1,0,1,1,1,1,1,1,0,1,0,1,1,0,0,1,,688,654,4993,3,0.0,1,1,1,0,1,0,1,0,1,240.0,shorten
655,1,1,1,1,1,1,0,1,1,1,1,1,1,1,1,0,1,1,0,1,0,,689,655,5001,3,0.0,1,1,1,1,0,1,1,0,1,220.0,shorten
656,1,1,1,1,1,1,0,1,1,1,1,1,1,1,1,0,1,1,0,1,0,,69,656,5009,4,0.0,1,1,1,1,0,1,1,0,1,1160.0,skip
657,1,1,1,1,1,1,0,1,1,1,1,1,1,1,1,0,1,1,0,1,0,,690,657,5017,3,0.0,1,1,1,1,0,1,1,0,1,240.0,shorten
658,1,1,1,1,1,1,0,1,1,1,1,1,1,1,1,0,1,1,0,1,0,,691,658,5025,3,0.0,1,1,1,1,0,1,1,0,1,260.0,skip
659,1,1,1,1,1,1,0,1,1,1,1,1,1,1,1,0,1,1,0,1,0,,692,659,5033,3,0.0,1,1,1,1,0,1,1,0,1,220.0,shorten
660,1,1,1,1,1,1,0,1,1,1,1,1,1,1,1,0,1,1,0,1,0,,693,660,5041,3,0.0,1,1,1,1,0,1,1,0,1,200.0,insert
661,1,1,1,1,0,1,0,1,1,1,1,1,1,0,1,0,1,1,0,0,1,,694,661,5048,3,0.0,1,1,1,0,1,0,1,0,1,220.0,shorten
662,1,1,1,1,1,1,0,1,1,1,1,1,1,1,1,0,1,1,0,1,0,,695,662,5056,3,0.0,1,1,1,1,0,1,1,0,1,260.0,skip
663,1,1,1,1,1,1,1,1,1,1,1,1,1,1,1,1,1,1,1,0,0,Inserted_Activity_resource,696,663,5065,3,20.0,1,1,1,1,0,1,1,1,1,240.0,shorten
664,1,1,1,1,1,1,0,1,1,1,1,1,1,1,1,0,1,1,0,1,0,,697,664,5073,3,0.0,1,1,1,1,0,1,1,0,1,200.0,shorten
665,1,1,1,1,0,1,0,1,1,1,1,1,1,0,1,0,1,1,0,0,1,,698,665,5080,3,0.0,1,1,1,0,1,0,1,0,1,220.0,shorten
666,1,1,1,1,0,1,0,1,1,1,1,1,1,0,1,0,1,1,0,0,1,,699,666,5087,4,0.0,1,1,1,0,1,0,1,0,1,240.0,shorten
667,1,1,1,1,1,1,0,1,1,1,1,1,1,1,1,0,1,1,0,1,0,,7,667,5095,0,0.0,1,1,1,1,0,1,1,0,1,1180.0,skip
668,1,1,1,1,0,1,0,1,1,1,1,1,1,0,1,0,1,1,0,0,1,,70,668,5102,4,0.0,1,1,1,0,1,0,1,0,1,1160.0,skip
669,1,1,1,1,0,1,0,1,1,1,1,1,1,0,1,0,1,1,0,0,1,,700,669,5109,4,0.0,1,1,1,0,1,0,1,0,1,1200.0,skip
670,1,1,1,1,0,1,0,1,1,1,1,1,1,0,1,0,1,1,0,0,1,,701,670,5116,4,0.0,1,1,1,0,1,0,1,0,1,260.0,skip
671,1,1,1,1,1,1,0,1,1,1,1,1,1,1,1,0,1,1,0,1,0,,702,671,5124,3,0.0,1,1,1,1,0,1,1,0,1,220.0,shorten
672,1,1,1,1,1,1,0,1,1,1,1,1,1,1,1,0,1,1,0,1,0,,703,672,5132,3,0.0,1,1,1,1,0,1,1,0,1,1140.0,skip
673,1,1,1,1,0,1,0,1,1,1,1,1,1,0,1,0,1,1,0,0,1,,704,673,5139,4,0.0,1,1,1,0,1,0,1,0,1,220.0,shorten
674,1,1,1,1,1,1,0,1,1,1,1,1,1,1,1,0,1,1,0,1,0,,705,674,5147,4,0.0,1,1,1,1,0,1,1,0,1,260.0,skip
675,1,1,1,1,0,1,0,1,1,1,1,1,1,0,1,0,1,1,0,0,1,,706,675,5154,4,0.0,1,1,1,0,1,0,1,0,1,240.0,shorten
676,1,1,1,1,1,1,0,1,1,1,1,1,1,1,1,0,1,1,0,1,0,,707,676,5162,4,0.0,1,1,1,1,0,1,1,0,1,200.0,shorten
677,1,1,1,1,1,1,1,1,1,1,1,1,1,1,1,1,1,1,1,0,0,Inserted_Activity_resource,708,677,5171,4,20.0,1,1,1,1,0,1,1,1,1,220.0,shorten
678,1,1,1,1,1,1,0,1,1,1,1,1,1,1,1,0,1,1,0,1,0,,709,678,5179,4,0.0,1,1,1,1,0,1,1,0,1,240.0,shorten
679,1,1,1,1,1,1,0,1,1,1,1,1,1,1,1,0,1,1,0,1,0,,71,679,5187,4,0.0,1,1,1,1,0,1,1,0,1,220.0,shorten
680,1,1,1,1,0,1,0,1,1,1,1,1,1,0,1,0,1,1,0,0,1,,710,680,5194,4,0.0,1,1,1,0,1,0,1,0,1,200.0,shorten
681,1,1,1,1,1,1,0,1,1,1,1,1,1,1,1,0,1,1,0,1,0,,711,681,5202,4,0.0,1,1,1,1,0,1,1,0,1,240.0,shorten
682,1,1,1,1,1,1,0,1,1,1,1,1,1,1,1,0,1,1,0,1,0,,712,682,5210,4,0.0,1,1,1,1,0,1,1,0,1,260.0,skip
683,1,1,1,1,1,1,0,1,1,1,1,1,1,1,1,0,1,1,0,1,0,,713,683,5218,4,0.0,1,1,1,1,0,1,1,0,1,1180.0,skip
684,1,1,1,1,1,1,0,1,1,1,1,1,1,1,1,0,1,1,0,1,0,,714,684,5226,4,0.0,1,1,1,1,0,1,1,0,1,1140.0,skip
685,1,1,1,1,0,1,0,1,1,1,1,1,1,0,1,0,1,1,0,0,1,,715,685,5233,0,0.0,1,1,1,0,1,0,1,0,1,1180.0,skip
686,1,1,1,1,0,1,0,1,1,1,1,1,1,0,1,0,1,1,0,0,1,,716,686,5240,0,0.0,1,1,1,0,1,0,1,0,1,260.0,skip
687,1,1,1,1,0,1,0,1,1,1,1,1,1,0,1,0,1,1,0,0,1,,717,687,5247,0,0.0,1,1,1,0,1,0,1,0,1,240.0,shorten
688,1,1,1,1,0,1,0,1,1,1,1,1,1,0,1,0,1,1,0,0,1,,718,688,5254,4,0.0,1,1,1,0,1,0,1,0,1,1160.0,skip
689,1,1,1,1,1,1,0,1,1,1,1,1,1,1,1,0,1,1,0,1,0,,719,689,5262,4,0.0,1,1,1,1,0,1,1,0,1,220.0,shorten
690,1,1,1,1,1,1,1,1,1,1,1,1,1,1,1,1,1,1,1,0,0,Inserted_Activity_resource,72,690,5271,4,20.0,1,1,1,1,0,1,1,1,1,240.0,shorten
691,1,1,1,1,0,1,0,1,1,1,1,1,1,0,1,0,1,1,0,0,1,,720,691,5278,0,0.0,1,1,1,0,1,0,1,0,1,220.0,shorten
692,1,1,1,1,1,1,0,1,1,1,1,1,1,1,1,0,1,1,0,1,0,,721,692,5286,0,0.0,1,1,1,1,0,1,1,0,1,200.0,shorten
693,1,1,1,1,0,1,0,1,1,1,1,1,1,0,1,0,1,1,0,0,1,,722,693,5293,0,0.0,1,1,1,0,1,0,1,0,1,240.0,shorten
694,1,1,1,1,1,1,0,1,1,1,1,1,1,1,1,0,1,1,0,1,0,,723,694,5301,0,0.0,1,1,1,1,0,1,1,0,1,260.0,skip
695,1,1,1,1,1,1,0,1,1,1,1,1,1,1,1,0,1,1,0,1,0,,724,695,5309,0,0.0,1,1,1,1,0,1,1,0,1,220.0,shorten
696,1,1,1,1,1,1,0,1,1,1,1,1,1,1,1,0,1,1,0,1,0,,725,696,5317,0,0.0,1,1,1,1,0,1,1,0,1,200.0,insert
697,1,1,1,1,1,1,0,1,1,1,1,1,1,1,1,0,1,1,0,1,0,,726,697,5325,0,0.0,1,1,1,1,0,1,1,0,1,220.0,shorten
698,1,1,1,1,1,1,0,1,1,1,1,1,1,1,1,0,1,1,0,1,0,,727,698,5333,0,0.0,1,1,1,1,0,1,1,0,1,260.0,skip
699,1,1,1,1,1,1,0,1,1,1,1,1,1,1,1,0,1,1,0,1,0,,728,699,5341,0,0.0,1,1,1,1,0,1,1,0,1,1200.0,skip
700,1,1,1,1,1,1,0,1,1,1,1,1,1,1,1,0,1,1,0,1,0,,729,700,5349,0,0.0,1,1,1,1,0,1,1,0,1,1160.0,skip
701,1,1,1,1,1,1,0,1,1,1,1,1,1,1,1,0,1,1,0,1,0,,73,701,5357,4,0.0,1,1,1,1,0,1,1,0,1,1180.0,skip
702,1,1,1,1,0,1,0,1,1,1,1,1,1,0,1,0,1,1,0,0,1,,730,702,5364,0,0.0,1,1,1,0,1,0,1,0,1,240.0,shorten
703,1,1,1,1,0,1,0,1,1,1,1,1,1,0,1,0,1,1,0,0,1,,731,703,5371,1,0.0,1,1,1,0,1,0,1,0,1,220.0,shorten
704,1,1,1,1,0,1,0,1,1,1,1,1,1,0,1,0,1,1,0,0,1,,732,704,5378,1,0.0,1,1,1,0,1,0,1,0,1,1160.0,skip
705,1,1,1,1,0,1,0,1,1,1,1,1,1,0,1,0,1,1,0,0,1,,733,705,5385,1,0.0,1,1,1,0,1,0,1,0,1,240.0,shorten
706,1,1,1,1,0,1,0,1,1,1,1,1,1,0,1,0,1,1,0,0,1,,734,706,5392,0,0.0,1,1,1,0,1,0,1,0,1,260.0,skip
707,1,1,1,1,1,1,0,1,1,1,1,1,1,1,1,0,1,1,0,1,0,,735,707,5400,0,0.0,1,1,1,1,0,1,1,0,1,220.0,shorten
708,1,1,1,1,0,1,0,1,1,1,1,1,1,0,1,0,1,1,0,0,1,,736,708,5407,1,0.0,1,1,1,0,1,0,1,0,1,200.0,insert
709,1,1,1,1,1,1,0,1,1,1,1,1,1,1,1,0,1,1,0,1,0,,737,709,5415,1,0.0,1,1,1,1,0,1,1,0,1,220.0,shorten
710,1,1,1,1,1,1,0,1,1,1,1,1,1,1,1,0,1,1,0,1,0,,738,710,5423,1,0.0,1,1,1,1,0,1,1,0,1,260.0,skip
711,1,1,1,1,1,1,0,1,1,1,1,1,1,1,1,0,1,1,0,1,0,,739,711,5431,1,0.0,1,1,1,1,0,1,1,0,1,240.0,shorten
712,1,1,1,1,0,1,0,1,1,1,1,1,1,0,1,0,1,1,0,0,1,,74,712,5438,4,0.0,1,1,1,0,1,0,1,0,1,200.0,shorten
713,1,1,1,1,1,1,0,1,1,1,1,1,1,1,1,0,1,1,0,1,0,,740,713,5446,1,0.0,1,1,1,1,0,1,1,0,1,220.0,shorten
714,1,1,1,1,1,1,0,1,1,1,1,1,1,1,1,0,1,1,0,1,0,,741,714,5454,1,0.0,1,1,1,1,0,1,1,0,1,240.0,shorten
715,1,1,1,1,0,1,0,1,1,1,1,1,1,0,1,0,1,1,0,0,1,,742,715,5461,1,0.0,1,1,1,0,1,0,1,0,1,4060.0,skip
716,1,1,1,1,1,1,0,1,1,1,1,1,1,1,1,0,1,1,0,1,0,,743,716,5469,1,0.0,1,1,1,1,0,1,1,0,1,4040.0,skip
717,1,1,1,1,1,1,1,1,1,1,1,1,1,1,1,1,1,1,1,0,0,Inserted_Activity_resource,744,717,5478,1,20.0,1,1,1,1,0,1,1,1,1,4080.0,skip
718,1,1,1,1,1,1,0,1,1,1,1,1,1,1,1,0,1,1,0,1,0,,745,718,5486,1,0.0,1,1,1,1,0,1,1,0,1,260.0,skip
719,1,1,1,1,0,1,0,1,1,1,1,1,1,0,1,0,1,1,0,0,1,,746,719,5493,1,0.0,1,1,1,0,1,0,1,0,1,220.0,shorten
720,1,1,1,1,0,1,0,1,1,1,1,1,1,0,1,0,1,1,0,0,1,,747,720,5500,2,0.0,1,1,1,0,1,0,1,0,1,4020.0,skip
721,1,1,1,1,0,1,0,1,1,1,1,1,1,0,1,0,1,1,0,0,1,,748,721,5507,2,0.0,1,1,1,0,1,0,1,0,1,220.0,shorten
722,1,1,1,1,0,1,0,1,1,1,1,1,1,0,1,0,1,1,0,0,1,,749,722,5514,2,0.0,1,1,1,0,1,0,1,0,1,260.0,skip
723,1,1,1,1,0,1,0,1,1,1,1,1,1,0,1,0,1,1,0,0,1,,75,723,5521,0,0.0,1,1,1,0,1,0,1,0,1,240.0,shorten
724,1,1,1,1,1,1,0,1,1,1,1,1,1,1,1,0,1,1,0,1,0,,750,724,5529,1,0.0,1,1,1,1,0,1,1,0,1,200.0,shorten
725,1,1,1,1,1,1,0,1,1,1,1,1,1,1,1,0,1,1,0,1,0,,751,725,5537,1,0.0,1,1,1,1,0,1,1,0,1,220.0,shorten
726,1,1,1,1,0,1,0,1,1,1,1,1,1,0,1,0,1,1,0,0,1,,752,726,5544,2,0.0,1,1,1,0,1,0,1,0,1,240.0,shorten
727,1,1,1,1,1,1,0,1,1,1,1,1,1,1,1,0,1,1,0,1,0,,753,727,5552,2,0.0,1,1,1,1,0,1,1,0,1,220.0,shorten
728,1,1,1,1,0,1,0,1,1,1,1,1,1,0,1,0,1,1,0,0,1,,754,728,5559,2,0.0,1,1,1,0,1,0,1,0,1,200.0,shorten
729,1,1,1,1,1,1,0,1,1,1,1,1,1,1,1,0,1,1,0,1,0,,755,729,5567,2,0.0,1,1,1,1,0,1,1,0,1,240.0,shorten
730,1,1,1,1,1,1,1,1,1,1,1,1,1,1,1,1,1,1,1,0,0,Inserted_Activity_resource,756,730,5576,2,20.0,1,1,1,1,0,1,1,1,1,260.0,skip
731,1,1,1,1,1,1,0,1,1,1,1,1,1,1,1,0,1,1,0,1,0,,757,731,5584,2,0.0,1,1,1,1,0,1,1,0,1,1180.0,skip
732,1,1,1,1,0,1,0,1,1,1,1,1,1,0,1,0,1,1,0,0,1,,758,732,5591,2,0.0,1,1,1,0,1,0,1,0,1,1140.0,skip
733,1,1,1,1,1,1,0,1,1,1,1,1,1,1,1,0,1,1,0,1,0,,759,733,5599,2,0.0,1,1,1,1,0,1,1,0,1,1180.0,skip
734,1,1,1,1,0,1,0,1,1,1,1,1,1,0,1,0,1,1,0,0,1,,76,734,5606,0,0.0,1,1,1,0,1,0,1,0,1,260.0,skip
735,1,1,1,1,1,1,0,1,1,1,1,1,1,1,1,0,1,1,0,1,0,,760,735,5614,2,0.0,1,1,1,1,0,1,1,0,1,240.0,shorten
736,1,1,1,1,1,1,0,1,1,1,1,1,1,1,1,0,1,1,0,1,0,,761,736,5622,2,0.0,1,1,1,1,0,1,1,0,1,1160.0,skip
737,1,1,1,1,1,1,0,1,1,1,1,1,1,1,1,0,1,1,0,1,0,,762,737,5630,2,0.0,1,1,1,1,0,1,1,0,1,220.0,shorten
738,1,1,1,1,0,1,0,1,1,1,1,1,1,0,1,0,1,1,0,0,1,,763,738,5637,3,0.0,1,1,1,0,1,0,1,0,1,240.0,shorten
739,1,1,1,1,0,1,0,1,1,1,1,1,1,0,1,0,1,1,0,0,1,,764,739,5644,3,0.0,1,1,1,0,1,0,1,0,1,220.0,shorten
740,1,1,1,1,0,1,0,1,1,1,1,1,1,0,1,0,1,1,0,0,1,,765,740,5651,3,0.0,1,1,1,0,1,0,1,0,1,200.0,shorten
741,1,1,1,1,0,1,0,1,1,1,1,1,1,0,1,0,1,1,0,0,1,,766,741,5658,2,0.0,1,1,1,0,1,0,1,0,1,240.0,shorten
742,1,1,1,1,1,1,0,1,1,1,1,1,1,1,1,0,1,1,0,1,0,,767,742,5666,2,0.0,1,1,1,1,0,1,1,0,1,260.0,skip
743,1,1,1,1,0,1,0,1,1,1,1,1,1,0,1,0,1,1,0,0,1,,768,743,5673,3,0.0,1,1,1,0,1,0,1,0,1,220.0,shorten
744,1,1,1,1,1,1,0,1,1,1,1,1,1,1,1,0,1,1,0,1,0,,769,744,5681,3,0.0,1,1,1,1,0,1,1,0,1,200.0,insert
745,1,1,1,1,0,1,0,1,1,1,1,1,1,0,1,0,1,1,0,0,1,,77,745,5688,0,0.0,1,1,1,0,1,0,1,0,1,220.0,shorten
746,1,1,1,1,0,1,0,1,1,1,1,1,1,0,1,0,1,1,0,0,1,,770,746,5695,3,0.0,1,1,1,0,1,0,1,0,1,260.0,skip
747,1,1,1,1,1,1,0,1,1,1,1,1,1,1,1,0,1,1,0,1,0,,771,747,5703,3,0.0,1,1,1,1,0,1,1,0,1,1200.0,skip
748,1,1,1,1,1,1,0,1,1,1,1,1,1,1,1,0,1,1,0,1,0,,772,748,5711,3,0.0,1,1,1,1,0,1,1,0,1,1160.0,skip
749,1,1,1,1,1,1,0,1,1,1,1,1,1,1,1,0,1,1,0,1,0,,773,749,5719,3,0.0,1,1,1,1,0,1,1,0,1,1180.0,skip
750,1,1,1,1,1,1,0,1,1,1,1,1,1,1,1,0,1,1,0,1,0,,774,750,5727,3,0.0,1,1,1,1,0,1,1,0,1,240.0,shorten
751,1,1,1,1,1,1,0,1,1,1,1,1,1,1,1,0,1,1,0,1,0,,775,751,5735,3,0.0,1,1,1,1,0,1,1,0,1,220.0,shorten
752,1,1,1,1,1,1,0,1,1,1,1,1,1,1,1,0,1,1,0,1,0,,776,752,5743,3,0.0,1,1,1,1,0,1,1,0,1,1160.0,skip
753,1,1,1,1,1,1,0,1,1,1,1,1,1,1,1,0,1,1,0,1,0,,777,753,5751,3,0.0,1,1,1,1,0,1,1,0,1,240.0,shorten
754,1,1,1,1,0,1,0,1,1,1,1,1,1,0,1,0,1,1,0,0,1,,778,754,5758,3,0.0,1,1,1,0,1,0,1,0,1,260.0,skip
755,1,1,1,1,0,1,0,1,1,1,1,1,1,0,1,0,1,1,0,0,1,,779,755,5765,4,0.0,1,1,1,0,1,0,1,0,1,220.0,shorten
756,1,1,1,1,1,1,0,1,1,1,1,1,1,1,1,0,1,1,0,1,0,,78,756,5773,4,0.0,1,1,1,1,0,1,1,0,1,200.0,insert
757,1,1,1,1,0,1,0,1,1,1,1,1,1,0,1,0,1,1,0,0,1,,780,757,5780,4,0.0,1,1,1,0,1,0,1,0,1,220.0,shorten
758,1,1,1,1,0,1,0,1,1,1,1,1,1,0,1,0,1,1,0,0,1,,781,758,5787,4,0.0,1,1,1,0,1,0,1,0,1,260.0,skip
759,1,1,1,1,0,1,0,1,1,1,1,1,1,0,1,0,1,1,0,0,1,,782,759,5794,3,0.0,1,1,1,0,1,0,1,0,1,240.0,shorten
760,1,1,1,1,1,1,0,1,1,1,1,1,1,1,1,0,1,1,0,1,0,,783,760,5802,3,0.0,1,1,1,1,0,1,1,0,1,200.0,shorten
761,1,1,1,1,0,1,0,1,1,1,1,1,1,0,1,0,1,1,0,0,1,,784,761,5809,4,0.0,1,1,1,0,1,0,1,0,1,220.0,shorten
762,1,1,1,1,1,1,0,1,1,1,1,1,1,1,1,0,1,1,0,1,0,,785,762,5817,4,0.0,1,1,1,1,0,1,1,0,1,240.0,shorten
763,1,1,1,1,1,1,0,1,1,1,1,1,1,1,1,0,1,1,0,1,0,,786,763,5825,4,0.0,1,1,1,1,0,1,1,0,1,1180.0,skip
764,1,1,1,1,1,1,0,1,1,1,1,1,1,1,1,0,1,1,0,1,0,,787,764,5833,4,0.0,1,1,1,1,0,1,1,0,1,1160.0,skip
765,1,1,1,1,1,1,0,1,1,1,1,1,1,1,1,0,1,1,0,1,0,,788,765,5841,4,0.0,1,1,1,1,0,1,1,0,1,1200.0,skip
766,1,1,1,1,1,1,0,1,1,1,1,1,1,1,1,0,1,1,0,1,0,,789,766,5849,4,0.0,1,1,1,1,0,1,1,0,1,260.0,skip
767,1,1,1,1,1,1,0,1,1,1,1,1,1,1,1,0,1,1,0,1,0,,79,767,5857,4,0.0,1,1,1,1,0,1,1,0,1,220.0,shorten
768,1,1,1,1,0,1,0,1,1,1,1,1,1,0,1,0,1,1,0,0,1,,790,768,5864,4,0.0,1,1,1,0,1,0,1,0,1,1140.0,skip
769,1,1,1,1,1,1,0,1,1,1,1,1,1,1,1,0,1,1,0,1,0,,791,769,5872,4,0.0,1,1,1,1,0,1,1,0,1,220.0,shorten
770,1,1,1,1,1,1,1,1,1,1,1,1,1,1,1,1,1,1,1,0,0,Inserted_Activity_resource,792,770,5881,4,20.0,1,1,1,1,0,1,1,1,1,260.0,skip
771,1,1,1,1,1,1,0,1,1,1,1,1,1,1,1,0,1,1,0,1,0,,793,771,5889,4,0.0,1,1,1,1,0,1,1,0,1,240.0,shorten
772,1,1,1,1,0,1,0,1,1,1,1,1,1,0,1,0,1,1,0,0,1,,794,772,5896,4,0.0,1,1,1,0,1,0,1,0,1,200.0,shorten
773,1,1,1,1,0,1,0,1,1,1,1,1,1,0,1,0,1,1,0,0,1,,795,773,5903,0,0.0,1,1,1,0,1,0,1,0,1,220.0,shorten
774,1,1,1,1,0,1,0,1,1,1,1,1,1,0,1,0,1,1,0,0,1,,796,774,5910,0,0.0,1,1,1,0,1,0,1,0,1,240.0,shorten
775,1,1,1,1,0,1,0,1,1,1,1,1,1,0,1,0,1,1,0,0,1,,797,775,5917,0,0.0,1,1,1,0,1,0,1,0,1,220.0,shorten
776,1,1,1,1,1,1,0,1,1,1,1,1,1,1,1,0,1,1,0,1,0,,798,776,5925,4,0.0,1,1,1,1,0,1,1,0,1,200.0,shorten
777,1,1,1,1,1,1,0,1,1,1,1,1,1,1,1,0,1,1,0,1,0,,799,777,5933,4,0.0,1,1,1,1,0,1,1,0,1,240.0,shorten
778,1,1,1,1,1,1,0,1,1,1,1,1,1,1,1,0,1,1,0,1,0,,8,778,5941,0,0.0,1,1,1,1,0,1,1,0,1,260.0,skip
779,1,1,1,1,0,1,0,1,1,1,1,1,1,0,1,0,1,1,0,0,1,,80,779,5948,0,0.0,1,1,1,0,1,0,1,0,1,1180.0,skip
780,1,1,1,1,0,1,0,1,1,1,1,1,1,0,1,0,1,1,0,0,1,,800,780,5955,0,0.0,1,1,1,0,1,0,1,0,1,1140.0,skip
781,1,1,1,1,1,1,0,1,1,1,1,1,1,1,1,0,1,1,0,1,0,,801,781,5963,0,0.0,1,1,1,1,0,1,1,0,1,1180.0,skip
782,1,1,1,1,0,1,0,1,1,1,1,1,1,0,1,0,1,1,0,0,1,,802,782,5970,0,0.0,1,1,1,0,1,0,1,0,1,260.0,skip
783,1,1,1,1,1,1,0,1,1,1,1,1,1,1,1,0,1,1,0,1,0,,803,783,5978,0,0.0,1,1,1,1,0,1,1,0,1,240.0,shorten
784,1,1,1,1,1,1,1,1,1,1,1,1,1,1,1,1,1,1,1,0,0,Inserted_Activity_resource,804,784,5987,0,20.0,1,1,1,1,0,1,1,1,1,1160.0,skip
785,1,1,1,1,1,1,0,1,1,1,1,1,1,1,1,0,1,1,0,1,0,,805,785,5995,0,0.0,1,1,1,1,0,1,1,0,1,220.0,shorten
786,1,1,1,1,0,1,0,1,1,1,1,1,1,0,1,0,1,1,0,0,1,,806,786,6002,0,0.0,1,1,1,0,1,0,1,0,1,240.0,shorten
787,1,1,1,1,1,1,0,1,1,1,1,1,1,1,1,0,1,1,0,1,0,,807,787,6010,0,0.0,1,1,1,1,0,1,1,0,1,220.0,shorten
788,1,1,1,1,1,1,0,1,1,1,1,1,1,1,1,0,1,1,0,1,0,,808,788,6018,0,0.0,1,1,1,1,0,1,1,0,1,200.0,shorten
789,1,1,1,1,1,1,0,1,1,1,1,1,1,1,1,0,1,1,0,1,0,,809,789,6026,0,0.0,1,1,1,1,0,1,1,0,1,240.0,shorten
790,1,1,1,1,1,1,0,1,1,1,1,1,1,1,1,0,1,1,0,1,0,,81,790,6034,0,0.0,1,1,1,1,0,1,1,0,1,260.0,skip
791,1,1,1,1,1,1,0,1,1,1,1,1,1,1,1,0,1,1,0,1,0,,810,791,6042,0,0.0,1,1,1,1,0,1,1,0,1,220.0,shorten
792,1,1,1,1,0,1,0,1,1,1,1,1,1,0,1,0,1,1,0,0,1,,811,792,6049,1,0.0,1,1,1,0,1,0,1,0,1,200.0,insert
793,1,1,1,1,0,1,0,1,1,1,1,1,1,0,1,0,1,1,0,0,1,,812,793,6056,1,0.0,1,1,1,0,1,0,1,0,1,220.0,shorten
794,1,1,1,1,0,1,0,1,1,1,1,1,1,0,1,0,1,1,0,0,1,,813,794,6063,1,0.0,1,1,1,0,1,0,1,0,1,260.0,skip
795,1,1,1,1,0,1,0,1,1,1,1,1,1,0,1,0,1,1,0,0,1,,814,795,6070,0,0.0,1,1,1,0,1,0,1,0,1,4080.0,skip
796,1,1,1,1,1,1,0,1,1,1,1,1,1,1,1,0,1,1,0,1,0,,815,796,6078,0,0.0,1,1,1,1,0,1,1,0,1,4040.0,skip
797,1,1,1,1,0,1,0,1,1,1,1,1,1,0,1,0,1,1,0,0,1,,816,797,6085,1,0.0,1,1,1,0,1,0,1,0,1,4060.0,skip
798,1,1,1,1,1,1,0,1,1,1,1,1,1,1,1,0,1,1,0,1,0,,817,798,6093,1,0.0,1,1,1,1,0,1,1,0,1,240.0,shorten
799,1,1,1,1,0,1,0,1,1,1,1,1,1,0,1,0,1,1,0,0,1,,818,799,6100,1,0.0,1,1,1,0,1,0,1,0,1,220.0,shorten
800,1,1,1,1,1,1,0,1,1,1,1,1,1,1,1,0,1,1,0,1,0,,819,800,6108,1,0.0,1,1,1,1,0,1,1,0,1,4040.0,skip
801,1,1,1,1,0,1,0,1,1,1,1,1,1,0,1,0,1,1,0,0,1,,82,801,6115,0,0.0,1,1,1,0,1,0,1,0,1,240.0,shorten
802,1,1,1,1,1,1,0,1,1,1,1,1,1,1,1,0,1,1,0,1,0,,820,802,6123,1,0.0,1,1,1,1,0,1,1,0,1,260.0,skip
803,1,1,1,1,1,1,0,1,1,1,1,1,1,1,1,0,1,1,0,1,0,,821,803,6131,1,0.0,1,1,1,1,0,1,1,0,1,220.0,shorten
804,1,1,1,1,1,1,0,1,1,1,1,1,1,1,1,0,1,1,0,1,0,,822,804,6139,1,0.0,1,1,1,1,0,1,1,0,1,200.0,insert
805,1,1,1,1,1,1,0,1,1,1,1,1,1,1,1,0,1,1,0,1,0,,823,805,6147,1,0.0,1,1,1,1,0,1,1,0,1,220.0,shorten
806,1,1,1,1,1,1,0,1,1,1,1,1,1,1,1,0,1,1,0,1,0,,824,806,6155,1,0.0,1,1,1,1,0,1,1,0,1,260.0,skip
807,1,1,1,1,1,1,0,1,1,1,1,1,1,1,1,0,1,1,0,1,0,,825,807,6163,1,0.0,1,1,1,1,0,1,1,0,1,240.0,shorten
808,1,1,1,1,0,1,0,1,1,1,1,1,1,0,1,0,1,1,0,0,1,,826,808,6170,1,0.0,1,1,1,0,1,0,1,0,1,200.0,shorten
809,1,1,1,1,0,1,0,1,1,1,1,1,1,0,1,0,1,1,0,0,1,,827,809,6177,2,0.0,1,1,1,0,1,0,1,0,1,220.0,shorten
810,1,1,1,1,0,1,0,1,1,1,1,1,1,0,1,0,1,1,0,0,1,,828,810,6184,2,0.0,1,1,1,0,1,0,1,0,1,240.0,shorten
811,1,1,1,1,0,1,0,1,1,1,1,1,1,0,1,0,1,1,0,0,1,,829,811,6191,2,0.0,1,1,1,0,1,0,1,0,1,1180.0,skip
812,1,1,1,1,1,1,0,1,1,1,1,1,1,1,1,0,1,1,0,1,0,,83,812,6199,0,0.0,1,1,1,1,0,1,1,0,1,1160.0,skip
813,1,1,1,1,0,1,0,1,1,1,1,1,1,0,1,0,1,1,0,0,1,,830,813,6206,1,0.0,1,1,1,0,1,0,1,0,1,1200.0,skip
814,1,1,1,1,1,1,0,1,1,1,1,1,1,1,1,0,1,1,0,1,0,,831,814,6214,1,0.0,1,1,1,1,0,1,1,0,1,260.0,skip
815,1,1,1,1,0,1,0,1,1,1,1,1,1,0,1,0,1,1,0,0,1,,832,815,6221,2,0.0,1,1,1,0,1,0,1,0,1,220.0,shorten
816,1,1,1,1,1,1,0,1,1,1,1,1,1,1,1,0,1,1,0,1,0,,833,816,6229,2,0.0,1,1,1,1,0,1,1,0,1,1140.0,skip
817,1,1,1,1,1,1,0,1,1,1,1,1,1,1,1,0,1,1,0,1,0,,834,817,6237,2,0.0,1,1,1,1,0,1,1,0,1,220.0,shorten
818,1,1,1,1,1,1,0,1,1,1,1,1,1,1,1,0,1,1,0,1,0,,835,818,6245,2,0.0,1,1,1,1,0,1,1,0,1,260.0,skip
819,1,1,1,1,1,1,0,1,1,1,1,1,1,1,1,0,1,1,0,1,0,,836,819,6253,2,0.0,1,1,1,1,0,1,1,0,1,240.0,shorten
820,1,1,1,1,1,1,0,1,1,1,1,1,1,1,1,0,1,1,0,1,0,,837,820,6261,2,0.0,1,1,1,1,0,1,1,0,1,200.0,shorten
821,1,1,1,1,0,1,0,1,1,1,1,1,1,0,1,0,1,1,0,0,1,,838,821,6268,2,0.0,1,1,1,0,1,0,1,0,1,220.0,shorten
822,1,1,1,1,1,1,0,1,1,1,1,1,1,1,1,0,1,1,0,1,0,,839,822,6276,2,0.0,1,1,1,1,0,1,1,0,1,240.0,shorten
823,1,1,1,1,1,1,1,1,1,1,1,1,1,1,1,1,1,1,1,0,0,Inserted_Activity_resource,84,823,6285,0,20.0,1,1,1,1,0,1,1,1,1,220.0,shorten
824,1,1,1,1,1,1,1,1,1,1,1,1,1,1,1,1,1,1,1,0,0,Inserted_Activity_resource,840,824,6294,2,20.0,1,1,1,1,0,1,1,1,1,200.0,shorten
825,1,1,1,1,1,1,0,1,1,1,1,1,1,1,1,0,1,1,0,1,0,,841,825,6302,2,0.0,1,1,1,1,0,1,1,0,1,240.0,shorten
826,1,1,1,1,0,1,0,1,1,1,1,1,1,0,1,0,1,1,0,0,1,,842,826,6309,2,0.0,1,1,1,0,1,0,1,0,1,260.0,skip
827,1,1,1,1,0,1,0,1,1,1,1,1,1,0,1,0,1,1,0,0,1,,843,827,6316,3,0.0,1,1,1,0,1,0,1,0,1,1180.0,skip
828,1,1,1,1,0,1,0,1,1,1,1,1,1,0,1,0,1,1,0,0,1,,844,828,6323,3,0.0,1,1,1,0,1,0,1,0,1,1140.0,skip
829,1,1,1,1,0,1,0,1,1,1,1,1,1,0,1,0,1,1,0,0,1,,845,829,6330,3,0.0,1,1,1,0,1,0,1,0,1,1180.0,skip
830,1,1,1,1,1,1,0,1,1,1,1,1,1,1,1,0,1,1,0,1,0,,846,830,6338,2,0.0,1,1,1,1,0,1,1,0,1,260.0,skip
831,1,1,1,1,1,1,0,1,1,1,1,1,1,1,1,0,1,1,0,1,0,,847,831,6346,2,0.0,1,1,1,1,0,1,1,0,1,240.0,shorten
832,1,1,1,1,0,1,0,1,1,1,1,1,1,0,1,0,1,1,0,0,1,,848,832,6353,3,0.0,1,1,1,0,1,0,1,0,1,1160.0,skip
833,1,1,1,1,1,1,0,1,1,1,1,1,1,1,1,0,1,1,0,1,0,,849,833,6361,3,0.0,1,1,1,1,0,1,1,0,1,220.0,shorten
834,1,1,1,1,1,1,0,1,1,1,1,1,1,1,1,0,1,1,0,1,0,,85,834,6369,0,0.0,1,1,1,1,0,1,1,0,1,240.0,shorten
835,1,1,1,1,0,1,0,1,1,1,1,1,1,0,1,0,1,1,0,0,1,,850,835,6376,3,0.0,1,1,1,0,1,0,1,0,1,220.0,shorten
836,1,1,1,1,1,1,0,1,1,1,1,1,1,1,1,0,1,1,0,1,0,,851,836,6384,3,0.0,1,1,1,1,0,1,1,0,1,200.0,shorten
837,1,1,1,1,1,1,1,1,1,1,1,1,1,1,1,1,1,1,1,0,0,Inserted_Activity_resource,852,837,6393,3,20.0,1,1,1,1,0,1,1,1,1,240.0,shorten
838,1,1,1,1,1,1,0,1,1,1,1,1,1,1,1,0,1,1,0,1,0,,853,838,6401,3,0.0,1,1,1,1,0,1,1,0,1,260.0,skip
839,1,1,1,1,0,1,0,1,1,1,1,1,1,0,1,0,1,1,0,0,1,,854,839,6408,3,0.0,1,1,1,0,1,0,1,0,1,220.0,shorten
840,1,1,1,1,1,1,0,1,1,1,1,1,1,1,1,0,1,1,0,1,0,,855,840,6416,3,0.0,1,1,1,1,0,1,1,0,1,200.0,insert
841,1,1,1,1,1,1,0,1,1,1,1,1,1,1,1,0,1,1,0,1,0,,856,841,6424,3,0.0,1,1,1,1,0,1,1,0,1,220.0,shorten
842,1,1,1,1,1,1,0,1,1,1,1,1,1,1,1,0,1,1,0,1,0,,857,842,6432,3,0.0,1,1,1,1,0,1,1,0,1,260.0,skip
843,1,1,1,1,1,1,0,1,1,1,1,1,1,1,1,0,1,1,0,1,0,,858,843,6440,3,0.0,1,1,1,1,0,1,1,0,1,1200.0,skip
844,1,1,1,1,0,1,0,1,1,1,1,1,1,0,1,0,1,1,0,0,1,,859,844,6447,4,0.0,1,1,1,0,1,0,1,0,1,1160.0,skip
845,1,1,1,1,0,1,0,1,1,1,1,1,1,0,1,0,1,1,0,0,1,,86,845,6454,0,0.0,1,1,1,0,1,0,1,0,1,1180.0,skip
846,1,1,1,1,0,1,0,1,1,1,1,1,1,0,1,0,1,1,0,0,1,,860,846,6461,4,0.0,1,1,1,0,1,0,1,0,1,240.0,shorten
847,1,1,1,1,0,1,0,1,1,1,1,1,1,0,1,0,1,1,0,0,1,,861,847,6468,4,0.0,1,1,1,0,1,0,1,0,1,220.0,shorten
848,1,1,1,1,0,1,0,1,1,1,1,1,1,0,1,0,1,1,0,0,1,,862,848,6475,3,0.0,1,1,1,0,1,0,1,0,1,1160.0,skip
849,1,1,1,1,1,1,0,1,1,1,1,1,1,1,1,0,1,1,0,1,0,,863,849,6483,3,0.0,1,1,1,1,0,1,1,0,1,240.0,shorten
850,1,1,1,1,0,1,0,1,1,1,1,1,1,0,1,0,1,1,0,0,1,,864,850,6490,4,0.0,1,1,1,0,1,0,1,0,1,260.0,skip
851,1,1,1,1,1,1,0,1,1,1,1,1,1,1,1,0,1,1,0,1,0,,865,851,6498,4,0.0,1,1,1,1,0,1,1,0,1,220.0,shorten
852,1,1,1,1,0,1,0,1,1,1,1,1,1,0,1,0,1,1,0,0,1,,866,852,6505,4,0.0,1,1,1,0,1,0,1,0,1,200.0,insert
853,1,1,1,1,1,1,0,1,1,1,1,1,1,1,1,0,1,1,0,1,0,,867,853,6513,4,0.0,1,1,1,1,0,1,1,0,1,220.0,shorten
854,1,1,1,1,1,1,0,1,1,1,1,1,1,1,1,0,1,1,0,1,0,,868,854,6521,4,0.0,1,1,1,1,0,1,1,0,1,260.0,skip
855,1,1,1,1,1,1,0,1,1,1,1,1,1,1,1,0,1,1,0,1,0,,869,855,6529,4,0.0,1,1,1,1,0,1,1,0,1,240.0,shorten
856,1,1,1,1,1,1,0,1,1,1,1,1,1,1,1,0,1,1,0,1,0,,87,856,6537,0,0.0,1,1,1,1,0,1,1,0,1,200.0,shorten
857,1,1,1,1,1,1,0,1,1,1,1,1,1,1,1,0,1,1,0,1,0,,870,857,6545,4,0.0,1,1,1,1,0,1,1,0,1,220.0,shorten
858,1,1,1,1,1,1,0,1,1,1,1,1,1,1,1,0,1,1,0,1,0,,871,858,6553,4,0.0,1,1,1,1,0,1,1,0,1,240.0,shorten
859,1,1,1,1,1,1,0,1,1,1,1,1,1,1,1,0,1,1,0,1,0,,872,859,6561,4,0.0,1,1,1,1,0,1,1,0,1,1180.0,skip
860,1,1,1,1,1,1,0,1,1,1,1,1,1,1,1,0,1,1,0,1,0,,873,860,6569,4,0.0,1,1,1,1,0,1,1,0,1,1160.0,skip
861,1,1,1,1,0,1,0,1,1,1,1,1,1,0,1,0,1,1,0,0,1,,874,861,6576,4,0.0,1,1,1,0,1,0,1,0,1,1200.0,skip
862,1,1,1,1,0,1,0,1,1,1,1,1,1,0,1,0,1,1,0,0,1,,875,862,6583,0,0.0,1,1,1,0,1,0,1,0,1,260.0,skip
863,1,1,1,1,0,1,0,1,1,1,1,1,1,0,1,0,1,1,0,0,1,,876,863,6590,0,0.0,1,1,1,0,1,0,1,0,1,220.0,shorten
864,1,1,1,1,0,1,0,1,1,1,1,1,1,0,1,0,1,1,0,0,1,,877,864,6597,0,0.0,1,1,1,0,1,0,1,0,1,1140.0,skip
865,1,1,1,1,0,1,0,1,1,1,1,1,1,0,1,0,1,1,0,0,1,,878,865,6604,4,0.0,1,1,1,0,1,0,1,0,1,220.0,shorten
866,1,1,1,1,1,1,0,1,1,1,1,1,1,1,1,0,1,1,0,1,0,,879,866,6612,4,0.0,1,1,1,1,0,1,1,0,1,260.0,skip
867,1,1,1,1,1,1,0,1,1,1,1,1,1,1,1,0,1,1,0,1,0,,88,867,6620,0,0.0,1,1,1,1,0,1,1,0,1,240.0,shorten
868,1,1,1,1,0,1,0,1,1,1,1,1,1,0,1,0,1,1,0,0,1,,880,868,6627,0,0.0,1,1,1,0,1,0,1,0,1,200.0,shorten
869,1,1,1,1,1,1,0,1,1,1,1,1,1,1,1,0,1,1,0,1,0,,881,869,6635,0,0.0,1,1,1,1,0,1,1,0,1,220.0,shorten
870,1,1,1,1,1,1,0,1,1,1,1,1,1,1,1,0,1,1,0,1,0,,882,870,6643,0,0.0,1,1,1,1,0,1,1,0,1,240.0,shorten
871,1,1,1,1,1,1,0,1,1,1,1,1,1,1,1,0,1,1,0,1,0,,883,871,6651,0,0.0,1,1,1,1,0,1,1,0,1,220.0,shorten
872,1,1,1,1,1,1,0,1,1,1,1,1,1,1,1,0,1,1,0,1,0,,884,872,6659,0,0.0,1,1,1,1,0,1,1,0,1,200.0,shorten
873,1,1,1,1,1,1,0,1,1,1,1,1,1,1,1,0,1,1,0,1,0,,885,873,6667,0,0.0,1,1,1,1,0,1,1,0,1,240.0,shorten
874,1,1,1,1,0,1,0,1,1,1,1,1,1,0,1,0,1,1,0,0,1,,886,874,6674,0,0.0,1,1,1,0,1,0,1,0,1,260.0,skip
875,1,1,1,1,1,1,0,1,1,1,1,1,1,1,1,0,1,1,0,1,0,,887,875,6682,0,0.0,1,1,1,1,0,1,1,0,1,4060.0,skip
876,1,1,1,1,1,1,1,1,1,1,1,1,1,1,1,1,1,1,1,0,0,Inserted_Activity_resource,888,876,6691,0,20.0,1,1,1,1,0,1,1,1,1,4020.0,skip
877,1,1,1,1,1,1,0,1,1,1,1,1,1,1,1,0,1,1,0,1,0,,889,877,6699,0,0.0,1,1,1,1,0,1,1,0,1,4060.0,skip
878,1,1,1,1,1,1,0,1,1,1,1,1,1,1,1,0,1,1,0,1,0,,89,878,6707,0,0.0,1,1,1,1,0,1,1,0,1,260.0,skip
879,1,1,1,1,0,1,0,1,1,1,1,1,1,0,1,0,1,1,0,0,1,,890,879,6714,0,0.0,1,1,1,0,1,0,1,0,1,240.0,shorten
880,1,1,1,1,0,1,0,1,1,1,1,1,1,0,1,0,1,1,0,0,1,,891,880,6721,1,0.0,1,1,1,0,1,0,1,0,1,4040.0,skip
881,1,1,1,1,0,1,0,1,1,1,1,1,1,0,1,0,1,1,0,0,1,,892,881,6728,1,0.0,1,1,1,0,1,0,1,0,1,220.0,shorten
882,1,1,1,1,0,1,0,1,1,1,1,1,1,0,1,0,1,1,0,0,1,,893,882,6735,1,0.0,1,1,1,0,1,0,1,0,1,240.0,shorten
883,1,1,1,1,1,1,0,1,1,1,1,1,1,1,1,0,1,1,0,1,0,,894,883,6743,0,0.0,1,1,1,1,0,1,1,0,1,220.0,shorten
884,1,1,1,1,1,1,0,1,1,1,1,1,1,1,1,0,1,1,0,1,0,,895,884,6751,0,0.0,1,1,1,1,0,1,1,0,1,200.0,shorten
885,1,1,1,1,0,1,0,1,1,1,1,1,1,0,1,0,1,1,0,0,1,,896,885,6758,1,0.0,1,1,1,0,1,0,1,0,1,240.0,shorten
886,1,1,1,1,1,1,0,1,1,1,1,1,1,1,1,0,1,1,0,1,0,,897,886,6766,1,0.0,1,1,1,1,0,1,1,0,1,260.0,skip
887,1,1,1,1,0,1,0,1,1,1,1,1,1,0,1,0,1,1,0,0,1,,898,887,6773,1,0.0,1,1,1,0,1,0,1,0,1,220.0,shorten
888,1,1,1,1,1,1,0,1,1,1,1,1,1,1,1,0,1,1,0,1,0,,899,888,6781,1,0.0,1,1,1,1,0,1,1,0,1,200.0,insert
889,1,1,1,1,1,1,0,1,1,1,1,1,1,1,1,0,1,1,0,1,0,,9,889,6789,0,0.0,1,1,1,1,0,1,1,0,1,220.0,shorten
890,1,1,1,1,1,1,0,1,1,1,1,1,1,1,1,0,1,1,0,1,0,,90,890,6797,0,0.0,1,1,1,1,0,1,1,0,1,260.0,skip
891,1,1,1,1,1,1,1,1,1,1,1,1,1,1,1,1,1,1,1,0,0,Inserted_Activity_resource,900,891,6806,1,20.0,1,1,1,1,0,1,1,1,1,1200.0,skip
892,1,1,1,1,1,1,0,1,1,1,1,1,1,1,1,0,1,1,0,1,0,,901,892,6814,1,0.0,1,1,1,1,0,1,1,0,1,1160.0,skip
893,1,1,1,1,0,1,0,1,1,1,1,1,1,0,1,0,1,1,0,0,1,,902,893,6821,1,0.0,1,1,1,0,1,0,1,0,1,1180.0,skip
894,1,1,1,1,1,1,0,1,1,1,1,1,1,1,1,0,1,1,0,1,0,,903,894,6829,1,0.0,1,1,1,1,0,1,1,0,1,240.0,shorten
895,1,1,1,1,1,1,0,1,1,1,1,1,1,1,1,0,1,1,0,1,0,,904,895,6837,1,0.0,1,1,1,1,0,1,1,0,1,220.0,shorten
896,1,1,1,1,1,1,0,1,1,1,1,1,1,1,1,0,1,1,0,1,0,,905,896,6845,1,0.0,1,1,1,1,0,1,1,0,1,1160.0,skip
897,1,1,1,1,1,1,0,1,1,1,1,1,1,1,1,0,1,1,0,1,0,,906,897,6853,1,0.0,1,1,1,1,0,1,1,0,1,240.0,shorten
898,1,1,1,1,0,1,0,1,1,1,1,1,1,0,1,0,1,1,0,0,1,,907,898,6860,2,0.0,1,1,1,0,1,0,1,0,1,260.0,skip
899,1,1,1,1,0,1,0,1,1,1,1,1,1,0,1,0,1,1,0,0,1,,908,899,6867,2,0.0,1,1,1,0,1,0,1,0,1,220.0,shorten
900,1,1,1,1,0,1,0,1,1,1,1,1,1,0,1,0,1,1,0,0,1,,909,900,6874,2,0.0,1,1,1,0,1,0,1,0,1,200.0,insert
901,1,1,1,1,0,1,0,1,1,1,1,1,1,0,1,0,1,1,0,0,1,,91,901,6881,1,0.0,1,1,1,0,1,0,1,0,1,220.0,shorten
902,1,1,1,1,0,1,0,1,1,1,1,1,1,0,1,0,1,1,0,0,1,,910,902,6888,1,0.0,1,1,1,0,1,0,1,0,1,260.0,skip
903,1,1,1,1,1,1,0,1,1,1,1,1,1,1,1,0,1,1,0,1,0,,911,903,6896,1,0.0,1,1,1,1,0,1,1,0,1,240.0,shorten
904,1,1,1,1,0,1,0,1,1,1,1,1,1,0,1,0,1,1,0,0,1,,912,904,6903,2,0.0,1,1,1,0,1,0,1,0,1,200.0,shorten
905,1,1,1,1,1,1,0,1,1,1,1,1,1,1,1,0,1,1,0,1,0,,913,905,6911,2,0.0,1,1,1,1,0,1,1,0,1,220.0,shorten
906,1,1,1,1,0,1,0,1,1,1,1,1,1,0,1,0,1,1,0,0,1,,914,906,6918,2,0.0,1,1,1,0,1,0,1,0,1,240.0,shorten
907,1,1,1,1,1,1,0,1,1,1,1,1,1,1,1,0,1,1,0,1,0,,915,907,6926,2,0.0,1,1,1,1,0,1,1,0,1,1180.0,skip
908,1,1,1,1,1,1,0,1,1,1,1,1,1,1,1,0,1,1,0,1,0,,916,908,6934,2,0.0,1,1,1,1,0,1,1,0,1,1160.0,skip
909,1,1,1,1,1,1,0,1,1,1,1,1,1,1,1,0,1,1,0,1,0,,917,909,6942,2,0.0,1,1,1,1,0,1,1,0,1,1200.0,skip
910,1,1,1,1,1,1,0,1,1,1,1,1,1,1,1,0,1,1,0,1,0,,918,910,6950,2,0.0,1,1,1,1,0,1,1,0,1,260.0,skip
911,1,1,1,1,1,1,0,1,1,1,1,1,1,1,1,0,1,1,0,1,0,,919,911,6958,2,0.0,1,1,1,1,0,1,1,0,1,220.0,shorten
912,1,1,1,1,0,1,0,1,1,1,1,1,1,0,1,0,1,1,0,0,1,,92,912,6965,1,0.0,1,1,1,0,1,0,1,0,1,1140.0,skip
913,1,1,1,1,1,1,0,1,1,1,1,1,1,1,1,0,1,1,0,1,0,,920,913,6973,2,0.0,1,1,1,1,0,1,1,0,1,220.0,shorten
914,1,1,1,1,1,1,0,1,1,1,1,1,1,1,1,0,1,1,0,1,0,,921,914,6981,2,0.0,1,1,1,1,0,1,1,0,1,260.0,skip
915,1,1,1,1,0,1,0,1,1,1,1,1,1,0,1,0,1,1,0,0,1,,922,915,6988,2,0.0,1,1,1,0,1,0,1,0,1,240.0,shorten
916,1,1,1,1,0,1,0,1,1,1,1,1,1,0,1,0,1,1,0,0,1,,923,916,6995,3,0.0,1,1,1,0,1,0,1,0,1,200.0,shorten
917,1,1,1,1,0,1,0,1,1,1,1,1,1,0,1,0,1,1,0,0,1,,924,917,7002,3,0.0,1,1,1,0,1,0,1,0,1,220.0,shorten
918,1,1,1,1,0,1,0,1,1,1,1,1,1,0,1,0,1,1,0,0,1,,925,918,7009,3,0.0,1,1,1,0,1,0,1,0,1,240.0,shorten
919,1,1,1,1,0,1,0,1,1,1,1,1,1,0,1,0,1,1,0,0,1,,926,919,7016,2,0.0,1,1,1,0,1,0,1,0,1,220.0,shorten
920,1,1,1,1,1,1,0,1,1,1,1,1,1,1,1,0,1,1,0,1,0,,927,920,7024,2,0.0,1,1,1,1,0,1,1,0,1,200.0,shorten
921,1,1,1,1,0,1,0,1,1,1,1,1,1,0,1,0,1,1,0,0,1,,928,921,7031,3,0.0,1,1,1,0,1,0,1,0,1,240.0,shorten
922,1,1,1,1,1,1,0,1,1,1,1,1,1,1,1,0,1,1,0,1,0,,929,922,7039,3,0.0,1,1,1,1,0,1,1,0,1,260.0,skip
923,1,1,1,1,0,1,0,1,1,1,1,1,1,0,1,0,1,1,0,0,1,,93,923,7046,1,0.0,1,1,1,0,1,0,1,0,1,1180.0,skip
924,1,1,1,1,1,1,0,1,1,1,1,1,1,1,1,0,1,1,0,1,0,,930,924,7054,3,0.0,1,1,1,1,0,1,1,0,1,1140.0,skip
925,1,1,1,1,1,1,0,1,1,1,1,1,1,1,1,0,1,1,0,1,0,,931,925,7062,3,0.0,1,1,1,1,0,1,1,0,1,1180.0,skip
926,1,1,1,1,1,1,0,1,1,1,1,1,1,1,1,0,1,1,0,1,0,,932,926,7070,3,0.0,1,1,1,1,0,1,1,0,1,260.0,skip
927,1,1,1,1,1,1,0,1,1,1,1,1,1,1,1,0,1,1,0,1,0,,933,927,7078,3,0.0,1,1,1,1,0,1,1,0,1,240.0,shorten
928,1,1,1,1,0,1,0,1,1,1,1,1,1,0,1,0,1,1,0,0,1,,934,928,7085,3,0.0,1,1,1,0,1,0,1,0,1,1160.0,skip
929,1,1,1,1,1,1,0,1,1,1,1,1,1,1,1,0,1,1,0,1,0,,935,929,7093,3,0.0,1,1,1,1,0,1,1,0,1,220.0,shorten
930,1,1,1,1,1,1,1,1,1,1,1,1,1,1,1,1,1,1,1,0,0,Inserted_Activity_resource,936,930,7102,3,20.0,1,1,1,1,0,1,1,1,1,240.0,shorten
931,1,1,1,1,1,1,0,1,1,1,1,1,1,1,1,0,1,1,0,1,0,,937,931,7110,3,0.0,1,1,1,1,0,1,1,0,1,220.0,shorten
932,1,1,1,1,0,1,0,1,1,1,1,1,1,0,1,0,1,1,0,0,1,,938,932,7117,3,0.0,1,1,1,0,1,0,1,0,1,200.0,shorten
933,1,1,1,1,0,1,0,1,1,1,1,1,1,0,1,0,1,1,0,0,1,,939,933,7124,4,0.0,1,1,1,0,1,0,1,0,1,240.0,shorten
934,1,1,1,1,0,1,0,1,1,1,1,1,1,0,1,0,1,1,0,0,1,,94,934,7131,0,0.0,1,1,1,0,1,0,1,0,1,260.0,skip
935,1,1,1,1,0,1,0,1,1,1,1,1,1,0,1,0,1,1,0,0,1,,940,935,7138,4,0.0,1,1,1,0,1,0,1,0,1,220.0,shorten
936,1,1,1,1,0,1,0,1,1,1,1,1,1,0,1,0,1,1,0,0,1,,941,936,7145,4,0.0,1,1,1,0,1,0,1,0,1,200.0,insert
937,1,1,1,1,1,1,0,1,1,1,1,1,1,1,1,0,1,1,0,1,0,,942,937,7153,3,0.0,1,1,1,1,0,1,1,0,1,220.0,shorten
938,1,1,1,1,1,1,0,1,1,1,1,1,1,1,1,0,1,1,0,1,0,,943,938,7161,3,0.0,1,1,1,1,0,1,1,0,1,260.0,skip
939,1,1,1,1,0,1,0,1,1,1,1,1,1,0,1,0,1,1,0,0,1,,944,939,7168,4,0.0,1,1,1,0,1,0,1,0,1,1200.0,skip
940,1,1,1,1,1,1,0,1,1,1,1,1,1,1,1,0,1,1,0,1,0,,945,940,7176,4,0.0,1,1,1,1,0,1,1,0,1,1160.0,skip
941,1,1,1,1,0,1,0,1,1,1,1,1,1,0,1,0,1,1,0,0,1,,946,941,7183,4,0.0,1,1,1,0,1,0,1,0,1,1180.0,skip
942,1,1,1,1,1,1,0,1,1,1,1,1,1,1,1,0,1,1,0,1,0,,947,942,7191,4,0.0,1,1,1,1,0,1,1,0,1,240.0,shorten
943,1,1,1,1,1,1,1,1,1,1,1,1,1,1,1,1,1,1,1,0,0,Inserted_Activity_resource,948,943,7200,4,20.0,1,1,1,1,0,1,1,1,1,220.0,shorten
944,1,1,1,1,1,1,0,1,1,1,1,1,1,1,1,0,1,1,0,1,0,,949,944,7208,4,0.0,1,1,1,1,0,1,1,0,1,1160.0,skip
945,1,1,1,1,1,1,0,1,1,1,1,1,1,1,1,0,1,1,0,1,0,,95,945,7216,0,0.0,1,1,1,1,0,1,1,0,1,240.0,shorten
946,1,1,1,1,0,1,0,1,1,1,1,1,1,0,1,0,1,1,0,0,1,,950,946,7223,4,0.0,1,1,1,0,1,0,1,0,1,260.0,skip
947,1,1,1,1,1,1,0,1,1,1,1,1,1,1,1,0,1,1,0,1,0,,951,947,7231,4,0.0,1,1,1,1,0,1,1,0,1,220.0,shorten
948,1,1,1,1,1,1,0,1,1,1,1,1,1,1,1,0,1,1,0,1,0,,952,948,7239,4,0.0,1,1,1,1,0,1,1,0,1,200.0,insert
949,1,1,1,1,1,1,0,1,1,1,1,1,1,1,1,0,1,1,0,1,0,,953,949,7247,4,0.0,1,1,1,1,0,1,1,0,1,220.0,shorten
950,1,1,1,1,1,1,0,1,1,1,1,1,1,1,1,0,1,1,0,1,0,,954,950,7255,4,0.0,1,1,1,1,0,1,1,0,1,260.0,skip
951,1,1,1,1,0,1,0,1,1,1,1,1,1,0,1,0,1,1,0,0,1,,955,951,7262,0,0.0,1,1,1,0,1,0,1,0,1,240.0,shorten
952,1,1,1,1,0,1,0,1,1,1,1,1,1,0,1,0,1,1,0,0,1,,956,952,7269,0,0.0,1,1,1,0,1,0,1,0,1,200.0,shorten
953,1,1,1,1,0,1,0,1,1,1,1,1,1,0,1,0,1,1,0,0,1,,957,953,7276,0,0.0,1,1,1,0,1,0,1,0,1,220.0,shorten
954,1,1,1,1,0,1,0,1,1,1,1,1,1,0,1,0,1,1,0,0,1,,958,954,7283,4,0.0,1,1,1,0,1,0,1,0,1,240.0,shorten
955,1,1,1,1,1,1,0,1,1,1,1,1,1,1,1,0,1,1,0,1,0,,959,955,7291,4,0.0,1,1,1,1,0,1,1,0,1,4060.0,skip
956,1,1,1,1,0,1,0,1,1,1,1,1,1,0,1,0,1,1,0,0,1,,96,956,7298,1,0.0,1,1,1,0,1,0,1,0,1,4040.0,skip
957,1,1,1,1,0,1,0,1,1,1,1,1,1,0,1,0,1,1,0,0,1,,960,957,7305,0,0.0,1,1,1,0,1,0,1,0,1,4080.0,skip
958,1,1,1,1,1,1,0,1,1,1,1,1,1,1,1,0,1,1,0,1,0,,961,958,7313,0,0.0,1,1,1,1,0,1,1,0,1,260.0,skip
959,1,1,1,1,0,1,0,1,1,1,1,1,1,0,1,0,1,1,0,0,1,,962,959,7320,0,0.0,1,1,1,0,1,0,1,0,1,220.0,shorten
960,1,1,1,1,1,1,0,1,1,1,1,1,1,1,1,0,1,1,0,1,0,,963,960,7328,0,0.0,1,1,1,1,0,1,1,0,1,4020.0,skip
961,1,1,1,1,1,1,0,1,1,1,1,1,1,1,1,0,1,1,0,1,0,,964,961,7336,0,0.0,1,1,1,1,0,1,1,0,1,220.0,shorten
962,1,1,1,1,1,1,0,1,1,1,1,1,1,1,1,0,1,1,0,1,0,,965,962,7344,0,0.0,1,1,1,1,0,1,1,0,1,260.0,skip
963,1,1,1,1,1,1,0,1,1,1,1,1,1,1,1,0,1,1,0,1,0,,966,963,7352,0,0.0,1,1,1,1,0,1,1,0,1,240.0,shorten
964,1,1,1,1,1,1,0,1,1,1,1,1,1,1,1,0,1,1,0,1,0,,967,964,7360,0,0.0,1,1,1,1,0,1,1,0,1,200.0,shorten
965,1,1,1,1,1,1,0,1,1,1,1,1,1,1,1,0,1,1,0,1,0,,968,965,7368,0,0.0,1,1,1,1,0,1,1,0,1,220.0,shorten
966,1,1,1,1,1,1,0,1,1,1,1,1,1,1,1,0,1,1,0,1,0,,969,966,7376,0,0.0,1,1,1,1,0,1,1,0,1,240.0,shorten
967,1,1,1,1,1,1,0,1,1,1,1,1,1,1,1,0,1,1,0,1,0,,97,967,7384,1,0.0,1,1,1,1,0,1,1,0,1,220.0,shorten
968,1,1,1,1,0,1,0,1,1,1,1,1,1,0,1,0,1,1,0,0,1,,970,968,7391,0,0.0,1,1,1,0,1,0,1,0,1,200.0,shorten
969,1,1,1,1,0,1,0,1,1,1,1,1,1,0,1,0,1,1,0,0,1,,971,969,7398,1,0.0,1,1,1,0,1,0,1,0,1,240.0,shorten
970,1,1,1,1,0,1,0,1,1,1,1,1,1,0,1,0,1,1,0,0,1,,972,970,7405,1,0.0,1,1,1,0,1,0,1,0,1,260.0,skip
971,1,1,1,1,0,1,0,1,1,1,1,1,1,0,1,0,1,1,0,0,1,,973,971,7412,1,0.0,1,1,1,0,1,0,1,0,1,1180.0,skip
972,1,1,1,1,0,1,0,1,1,1,1,1,1,0,1,0,1,1,0,0,1,,974,972,7419,0,0.0,1,1,1,0,1,0,1,0,1,1140.0,skip
973,1,1,1,1,1,1,0,1,1,1,1,1,1,1,1,0,1,1,0,1,0,,975,973,7427,0,0.0,1,1,1,1,0,1,1,0,1,1180.0,skip
974,1,1,1,1,0,1,0,1,1,1,1,1,1,0,1,0,1,1,0,0,1,,976,974,7434,1,0.0,1,1,1,0,1,0,1,0,1,260.0,skip
975,1,1,1,1,1,1,0,1,1,1,1,1,1,1,1,0,1,1,0,1,0,,977,975,7442,1,0.0,1,1,1,1,0,1,1,0,1,240.0,shorten
976,1,1,1,1,1,1,0,1,1,1,1,1,1,1,1,0,1,1,0,1,0,,978,976,7450,1,0.0,1,1,1,1,0,1,1,0,1,1160.0,skip
977,1,1,1,1,1,1,0,1,1,1,1,1,1,1,1,0,1,1,0,1,0,,979,977,7458,1,0.0,1,1,1,1,0,1,1,0,1,220.0,shorten
978,1,1,1,1,0,1,0,1,1,1,1,1,1,0,1,0,1,1,0,0,1,,98,978,7465,1,0.0,1,1,1,0,1,0,1,0,1,240.0,shorten
979,1,1,1,1,1,1,0,1,1,1,1,1,1,1,1,0,1,1,0,1,0,,980,979,7473,1,0.0,1,1,1,1,0,1,1,0,1,220.0,shorten
980,1,1,1,1,1,1,0,1,1,1,1,1,1,1,1,0,1,1,0,1,0,,981,980,7481,1,0.0,1,1,1,1,0,1,1,0,1,200.0,shorten
981,1,1,1,1,0,1,0,1,1,1,1,1,1,0,1,0,1,1,0,0,1,,982,981,7488,1,0.0,1,1,1,0,1,0,1,0,1,240.0,shorten
982,1,1,1,1,1,1,0,1,1,1,1,1,1,1,1,0,1,1,0,1,0,,983,982,7496,1,0.0,1,1,1,1,0,1,1,0,1,260.0,skip
983,1,1,1,1,1,1,1,1,1,1,1,1,1,1,1,1,1,1,1,0,0,Inserted_Activity_resource,984,983,7505,1,20.0,1,1,1,1,0,1,1,1,1,220.0,shorten
984,1,1,1,1,1,1,0,1,1,1,1,1,1,1,1,0,1,1,0,1,0,,985,984,7513,1,0.0,1,1,1,1,0,1,1,0,1,200.0,insert
985,1,1,1,1,0,1,0,1,1,1,1,1,1,0,1,0,1,1,0,0,1,,986,985,7520,1,0.0,1,1,1,0,1,0,1,0,1,220.0,shorten
986,1,1,1,1,0,1,0,1,1,1,1,1,1,0,1,0,1,1,0,0,1,,987,986,7527,2,0.0,1,1,1,0,1,0,1,0,1,260.0,skip
987,1,1,1,1,0,1,0,1,1,1,1,1,1,0,1,0,1,1,0,0,1,,988,987,7534,2,0.0,1,1,1,0,1,0,1,0,1,1200.0,skip
988,1,1,1,1,0,1,0,1,1,1,1,1,1,0,1,0,1,1,0,0,1,,989,988,7541,2,0.0,1,1,1,0,1,0,1,0,1,1160.0,skip
989,1,1,1,1,1,1,0,1,1,1,1,1,1,1,1,0,1,1,0,1,0,,99,989,7549,1,0.0,1,1,1,1,0,1,1,0,1,1180.0,skip
990,1,1,1,1,1,1,0,1,1,1,1,1,1,1,1,0,1,1,0,1,0,,990,990,7557,1,0.0,1,1,1,1,0,1,1,0,1,240.0,shorten
991,1,1,1,1,1,1,0,1,1,1,1,1,1,1,1,0,1,1,0,1,0,,991,991,7565,1,0.0,1,1,1,1,0,1,1,0,1,220.0,shorten
992,1,1,1,1,0,1,0,1,1,1,1,1,1,0,1,0,1,1,0,0,1,,992,992,7572,2,0.0,1,1,1,0,1,0,1,0,1,1160.0,skip
993,1,1,1,1,1,1,0,1,1,1,1,1,1,1,1,0,1,1,0,1,0,,993,993,7580,2,0.0,1,1,1,1,0,1,1,0,1,240.0,shorten
994,1,1,1,1,0,1,0,1,1,1,1,1,1,0,1,0,1,1,0,0,1,,994,994,7587,2,0.0,1,1,1,0,1,0,1,0,1,260.0,skip
995,1,1,1,1,1,1,0,1,1,1,1,1,1,1,1,0,1,1,0,1,0,,995,995,7595,2,0.0,1,1,1,1,0,1,1,0,1,220.0,shorten
996,1,1,1,1,1,1,1,1,1,1,1,1,1,1,1,1,1,1,1,0,0,Inserted_Activity_resource,996,996,7604,2,20.0,1,1,1,1,0,1,1,1,1,200.0,insert
997,1,1,1,1,1,1,0,1,1,1,1,1,1,1,1,0,1,1,0,1,0,,997,997,7612,2,0.0,1,1,1,1,0,1,1,0,1,220.0,shorten
998,1,1,1,1,0,1,0,1,1,1,1,1,1,0,1,0,1,1,0,0,1,,998,998,7619,2,0.0,1,1,1,0,1,0,1,0,1,260.0,skip
999,1,1,1,1,1,1,0,1,1,1,1,1,1,1,1,0,1,1,0,1,0,,999,999,7627,2,0.0,1,1,1,1,0,1,1,0,1,240.0,shorten
